--create database hr19p31
--go
USE [hr19p31]
GO
/****** Object:  Table [dbo].[Contragent]    Script Date: 27.08.2019 22:03:50 ******/
SET ANSI_NULLS ON
GO
SET QUOTED_IDENTIFIER ON
GO
CREATE TABLE [dbo].[Contragent](
	[ContragentId] [int] NOT NULL,
	[ContragentName] [nvarchar](64) NOT NULL
) ON [PRIMARY]

GO
/****** Object:  Table [dbo].[Employee]    Script Date: 27.08.2019 22:03:50 ******/
SET ANSI_NULLS ON
GO
SET QUOTED_IDENTIFIER ON
GO
SET ANSI_PADDING ON
GO
CREATE TABLE [dbo].[Employee](
	[EmployeeId] [int] IDENTITY(1,1) NOT NULL,
	[FirstName] [nvarchar](32) NOT NULL,
	[LastName] [nvarchar](32) NOT NULL,
	[Birthday] [date] NOT NULL,
	[Inn] [char](12) NULL,
PRIMARY KEY CLUSTERED 
(
	[EmployeeId] ASC
)WITH (PAD_INDEX = OFF, STATISTICS_NORECOMPUTE = OFF, IGNORE_DUP_KEY = OFF, ALLOW_ROW_LOCKS = ON, ALLOW_PAGE_LOCKS = ON) ON [PRIMARY]
) ON [PRIMARY]

GO
SET ANSI_PADDING OFF
GO
/****** Object:  Table [dbo].[EmployeeIsx]    Script Date: 27.08.2019 22:03:50 ******/
SET ANSI_NULLS ON
GO
SET QUOTED_IDENTIFIER ON
GO
SET ANSI_PADDING ON
GO
CREATE TABLE [dbo].[EmployeeIsx](
	[id] [int] NULL,
	[FirstName] [nvarchar](32) NULL,
	[LastName] [nvarchar](32) NULL,
	[Birthday] [date] NULL,
	[Inn] [char](12) NULL,
	[HireDate] [date] NULL,
	[Salary] [money] NULL,
	[NameJobTitle] [nvarchar](32) NULL,
	[Reservist] [bit] NULL,
	[MilitaryNumber] [nchar](9) NULL,
	[MilitarySpeciality] [nvarchar](64) NULL
) ON [PRIMARY]

GO
SET ANSI_PADDING OFF
GO
/****** Object:  Table [dbo].[EmployeeMilitary]    Script Date: 27.08.2019 22:03:50 ******/
SET ANSI_NULLS ON
GO
SET QUOTED_IDENTIFIER ON
GO
CREATE TABLE [dbo].[EmployeeMilitary](
	[EmployeeId] [int] NOT NULL,
	[MilitaryNumber] [nchar](9) NOT NULL,
	[MilitarySpecial] [nvarchar](64) NOT NULL,
PRIMARY KEY CLUSTERED 
(
	[EmployeeId] ASC
)WITH (PAD_INDEX = OFF, STATISTICS_NORECOMPUTE = OFF, IGNORE_DUP_KEY = OFF, ALLOW_ROW_LOCKS = ON, ALLOW_PAGE_LOCKS = ON) ON [PRIMARY]
) ON [PRIMARY]

GO
/****** Object:  Table [dbo].[JobTitle]    Script Date: 27.08.2019 22:03:50 ******/
SET ANSI_NULLS ON
GO
SET QUOTED_IDENTIFIER ON
GO
CREATE TABLE [dbo].[JobTitle](
	[JobTitleId] [int] IDENTITY(1,1) NOT NULL,
	[NameJobTitle] [nvarchar](32) NOT NULL,
PRIMARY KEY CLUSTERED 
(
	[JobTitleId] ASC
)WITH (PAD_INDEX = OFF, STATISTICS_NORECOMPUTE = OFF, IGNORE_DUP_KEY = OFF, ALLOW_ROW_LOCKS = ON, ALLOW_PAGE_LOCKS = ON) ON [PRIMARY]
) ON [PRIMARY]

GO
/****** Object:  Table [dbo].[Promotion]    Script Date: 27.08.2019 22:03:50 ******/
SET ANSI_NULLS ON
GO
SET QUOTED_IDENTIFIER ON
GO
CREATE TABLE [dbo].[Promotion](
	[PromotionId] [int] IDENTITY(1,1) NOT NULL,
	[EmployeeId] [int] NOT NULL,
	[HireDate] [datetime] NOT NULL DEFAULT (getdate()),
	[Salary] [money] NOT NULL DEFAULT ((0)),
	[JobTitleId] [int] NOT NULL,
PRIMARY KEY CLUSTERED 
(
	[PromotionId] ASC
)WITH (PAD_INDEX = OFF, STATISTICS_NORECOMPUTE = OFF, IGNORE_DUP_KEY = OFF, ALLOW_ROW_LOCKS = ON, ALLOW_PAGE_LOCKS = ON) ON [PRIMARY]
) ON [PRIMARY]

GO
INSERT [dbo].[Contragent] ([ContragentId], [ContragentName]) VALUES (0, N'Contragent 0')
INSERT [dbo].[Contragent] ([ContragentId], [ContragentName]) VALUES (1, N'Contragent 1')
INSERT [dbo].[Contragent] ([ContragentId], [ContragentName]) VALUES (2, N'Contragent 2')
INSERT [dbo].[Contragent] ([ContragentId], [ContragentName]) VALUES (3, N'Contragent 3')
INSERT [dbo].[Contragent] ([ContragentId], [ContragentName]) VALUES (4, N'Contragent 4')
INSERT [dbo].[Contragent] ([ContragentId], [ContragentName]) VALUES (5, N'Contragent 5')
INSERT [dbo].[Contragent] ([ContragentId], [ContragentName]) VALUES (6, N'Contragent 6')
INSERT [dbo].[Contragent] ([ContragentId], [ContragentName]) VALUES (7, N'Contragent 7')
INSERT [dbo].[Contragent] ([ContragentId], [ContragentName]) VALUES (8, N'Contragent 8')
INSERT [dbo].[Contragent] ([ContragentId], [ContragentName]) VALUES (9, N'Contragent 9')
INSERT [dbo].[Contragent] ([ContragentId], [ContragentName]) VALUES (10, N'Contragent 10')
INSERT [dbo].[Contragent] ([ContragentId], [ContragentName]) VALUES (11, N'Contragent 11')
INSERT [dbo].[Contragent] ([ContragentId], [ContragentName]) VALUES (12, N'Contragent 12')
INSERT [dbo].[Contragent] ([ContragentId], [ContragentName]) VALUES (13, N'Contragent 13')
INSERT [dbo].[Contragent] ([ContragentId], [ContragentName]) VALUES (14, N'Contragent 14')
INSERT [dbo].[Contragent] ([ContragentId], [ContragentName]) VALUES (15, N'Contragent 15')
INSERT [dbo].[Contragent] ([ContragentId], [ContragentName]) VALUES (16, N'Contragent 16')
INSERT [dbo].[Contragent] ([ContragentId], [ContragentName]) VALUES (17, N'Contragent 17')
INSERT [dbo].[Contragent] ([ContragentId], [ContragentName]) VALUES (18, N'Contragent 18')
INSERT [dbo].[Contragent] ([ContragentId], [ContragentName]) VALUES (19, N'Contragent 19')
INSERT [dbo].[Contragent] ([ContragentId], [ContragentName]) VALUES (20, N'Contragent 20')
INSERT [dbo].[Contragent] ([ContragentId], [ContragentName]) VALUES (21, N'Contragent 21')
INSERT [dbo].[Contragent] ([ContragentId], [ContragentName]) VALUES (22, N'Contragent 22')
INSERT [dbo].[Contragent] ([ContragentId], [ContragentName]) VALUES (23, N'Contragent 23')
INSERT [dbo].[Contragent] ([ContragentId], [ContragentName]) VALUES (24, N'Contragent 24')
INSERT [dbo].[Contragent] ([ContragentId], [ContragentName]) VALUES (25, N'Contragent 25')
INSERT [dbo].[Contragent] ([ContragentId], [ContragentName]) VALUES (26, N'Contragent 26')
INSERT [dbo].[Contragent] ([ContragentId], [ContragentName]) VALUES (27, N'Contragent 27')
INSERT [dbo].[Contragent] ([ContragentId], [ContragentName]) VALUES (28, N'Contragent 28')
INSERT [dbo].[Contragent] ([ContragentId], [ContragentName]) VALUES (29, N'Contragent 29')
INSERT [dbo].[Contragent] ([ContragentId], [ContragentName]) VALUES (30, N'Contragent 30')
INSERT [dbo].[Contragent] ([ContragentId], [ContragentName]) VALUES (31, N'Contragent 31')
INSERT [dbo].[Contragent] ([ContragentId], [ContragentName]) VALUES (32, N'Contragent 32')
INSERT [dbo].[Contragent] ([ContragentId], [ContragentName]) VALUES (33, N'Contragent 33')
INSERT [dbo].[Contragent] ([ContragentId], [ContragentName]) VALUES (34, N'Contragent 34')
INSERT [dbo].[Contragent] ([ContragentId], [ContragentName]) VALUES (35, N'Contragent 35')
INSERT [dbo].[Contragent] ([ContragentId], [ContragentName]) VALUES (36, N'Contragent 36')
INSERT [dbo].[Contragent] ([ContragentId], [ContragentName]) VALUES (37, N'Contragent 37')
INSERT [dbo].[Contragent] ([ContragentId], [ContragentName]) VALUES (38, N'Contragent 38')
INSERT [dbo].[Contragent] ([ContragentId], [ContragentName]) VALUES (39, N'Contragent 39')
INSERT [dbo].[Contragent] ([ContragentId], [ContragentName]) VALUES (40, N'Contragent 40')
INSERT [dbo].[Contragent] ([ContragentId], [ContragentName]) VALUES (41, N'Contragent 41')
INSERT [dbo].[Contragent] ([ContragentId], [ContragentName]) VALUES (42, N'Contragent 42')
INSERT [dbo].[Contragent] ([ContragentId], [ContragentName]) VALUES (43, N'Contragent 43')
INSERT [dbo].[Contragent] ([ContragentId], [ContragentName]) VALUES (44, N'Contragent 44')
INSERT [dbo].[Contragent] ([ContragentId], [ContragentName]) VALUES (45, N'Contragent 45')
INSERT [dbo].[Contragent] ([ContragentId], [ContragentName]) VALUES (46, N'Contragent 46')
INSERT [dbo].[Contragent] ([ContragentId], [ContragentName]) VALUES (47, N'Contragent 47')
INSERT [dbo].[Contragent] ([ContragentId], [ContragentName]) VALUES (48, N'Contragent 48')
INSERT [dbo].[Contragent] ([ContragentId], [ContragentName]) VALUES (49, N'Contragent 49')
INSERT [dbo].[Contragent] ([ContragentId], [ContragentName]) VALUES (50, N'Contragent 50')
INSERT [dbo].[Contragent] ([ContragentId], [ContragentName]) VALUES (51, N'Contragent 51')
INSERT [dbo].[Contragent] ([ContragentId], [ContragentName]) VALUES (52, N'Contragent 52')
INSERT [dbo].[Contragent] ([ContragentId], [ContragentName]) VALUES (53, N'Contragent 53')
INSERT [dbo].[Contragent] ([ContragentId], [ContragentName]) VALUES (54, N'Contragent 54')
INSERT [dbo].[Contragent] ([ContragentId], [ContragentName]) VALUES (55, N'Contragent 55')
INSERT [dbo].[Contragent] ([ContragentId], [ContragentName]) VALUES (56, N'Contragent 56')
INSERT [dbo].[Contragent] ([ContragentId], [ContragentName]) VALUES (57, N'Contragent 57')
INSERT [dbo].[Contragent] ([ContragentId], [ContragentName]) VALUES (58, N'Contragent 58')
INSERT [dbo].[Contragent] ([ContragentId], [ContragentName]) VALUES (59, N'Contragent 59')
INSERT [dbo].[Contragent] ([ContragentId], [ContragentName]) VALUES (60, N'Contragent 60')
INSERT [dbo].[Contragent] ([ContragentId], [ContragentName]) VALUES (61, N'Contragent 61')
INSERT [dbo].[Contragent] ([ContragentId], [ContragentName]) VALUES (62, N'Contragent 62')
INSERT [dbo].[Contragent] ([ContragentId], [ContragentName]) VALUES (63, N'Contragent 63')
INSERT [dbo].[Contragent] ([ContragentId], [ContragentName]) VALUES (64, N'Contragent 64')
INSERT [dbo].[Contragent] ([ContragentId], [ContragentName]) VALUES (65, N'Contragent 65')
INSERT [dbo].[Contragent] ([ContragentId], [ContragentName]) VALUES (66, N'Contragent 66')
INSERT [dbo].[Contragent] ([ContragentId], [ContragentName]) VALUES (67, N'Contragent 67')
INSERT [dbo].[Contragent] ([ContragentId], [ContragentName]) VALUES (68, N'Contragent 68')
INSERT [dbo].[Contragent] ([ContragentId], [ContragentName]) VALUES (69, N'Contragent 69')
INSERT [dbo].[Contragent] ([ContragentId], [ContragentName]) VALUES (70, N'Contragent 70')
INSERT [dbo].[Contragent] ([ContragentId], [ContragentName]) VALUES (71, N'Contragent 71')
INSERT [dbo].[Contragent] ([ContragentId], [ContragentName]) VALUES (72, N'Contragent 72')
INSERT [dbo].[Contragent] ([ContragentId], [ContragentName]) VALUES (73, N'Contragent 73')
INSERT [dbo].[Contragent] ([ContragentId], [ContragentName]) VALUES (74, N'Contragent 74')
INSERT [dbo].[Contragent] ([ContragentId], [ContragentName]) VALUES (75, N'Contragent 75')
INSERT [dbo].[Contragent] ([ContragentId], [ContragentName]) VALUES (76, N'Contragent 76')
INSERT [dbo].[Contragent] ([ContragentId], [ContragentName]) VALUES (77, N'Contragent 77')
INSERT [dbo].[Contragent] ([ContragentId], [ContragentName]) VALUES (78, N'Contragent 78')
INSERT [dbo].[Contragent] ([ContragentId], [ContragentName]) VALUES (79, N'Contragent 79')
INSERT [dbo].[Contragent] ([ContragentId], [ContragentName]) VALUES (80, N'Contragent 80')
INSERT [dbo].[Contragent] ([ContragentId], [ContragentName]) VALUES (81, N'Contragent 81')
INSERT [dbo].[Contragent] ([ContragentId], [ContragentName]) VALUES (82, N'Contragent 82')
INSERT [dbo].[Contragent] ([ContragentId], [ContragentName]) VALUES (83, N'Contragent 83')
INSERT [dbo].[Contragent] ([ContragentId], [ContragentName]) VALUES (84, N'Contragent 84')
INSERT [dbo].[Contragent] ([ContragentId], [ContragentName]) VALUES (85, N'Contragent 85')
INSERT [dbo].[Contragent] ([ContragentId], [ContragentName]) VALUES (86, N'Contragent 86')
INSERT [dbo].[Contragent] ([ContragentId], [ContragentName]) VALUES (87, N'Contragent 87')
INSERT [dbo].[Contragent] ([ContragentId], [ContragentName]) VALUES (88, N'Contragent 88')
INSERT [dbo].[Contragent] ([ContragentId], [ContragentName]) VALUES (89, N'Contragent 89')
INSERT [dbo].[Contragent] ([ContragentId], [ContragentName]) VALUES (90, N'Contragent 90')
INSERT [dbo].[Contragent] ([ContragentId], [ContragentName]) VALUES (91, N'Contragent 91')
INSERT [dbo].[Contragent] ([ContragentId], [ContragentName]) VALUES (92, N'Contragent 92')
INSERT [dbo].[Contragent] ([ContragentId], [ContragentName]) VALUES (93, N'Contragent 93')
INSERT [dbo].[Contragent] ([ContragentId], [ContragentName]) VALUES (94, N'Contragent 94')
INSERT [dbo].[Contragent] ([ContragentId], [ContragentName]) VALUES (95, N'Contragent 95')
INSERT [dbo].[Contragent] ([ContragentId], [ContragentName]) VALUES (96, N'Contragent 96')
INSERT [dbo].[Contragent] ([ContragentId], [ContragentName]) VALUES (97, N'Contragent 97')
INSERT [dbo].[Contragent] ([ContragentId], [ContragentName]) VALUES (98, N'Contragent 98')
INSERT [dbo].[Contragent] ([ContragentId], [ContragentName]) VALUES (99, N'Contragent 99')
GO
INSERT [dbo].[Contragent] ([ContragentId], [ContragentName]) VALUES (100, N'Contragent 100')
INSERT [dbo].[Contragent] ([ContragentId], [ContragentName]) VALUES (101, N'Contragent 101')
INSERT [dbo].[Contragent] ([ContragentId], [ContragentName]) VALUES (102, N'Contragent 102')
INSERT [dbo].[Contragent] ([ContragentId], [ContragentName]) VALUES (103, N'Contragent 103')
INSERT [dbo].[Contragent] ([ContragentId], [ContragentName]) VALUES (104, N'Contragent 104')
INSERT [dbo].[Contragent] ([ContragentId], [ContragentName]) VALUES (105, N'Contragent 105')
INSERT [dbo].[Contragent] ([ContragentId], [ContragentName]) VALUES (106, N'Contragent 106')
INSERT [dbo].[Contragent] ([ContragentId], [ContragentName]) VALUES (107, N'Contragent 107')
INSERT [dbo].[Contragent] ([ContragentId], [ContragentName]) VALUES (108, N'Contragent 108')
INSERT [dbo].[Contragent] ([ContragentId], [ContragentName]) VALUES (109, N'Contragent 109')
INSERT [dbo].[Contragent] ([ContragentId], [ContragentName]) VALUES (110, N'Contragent 110')
INSERT [dbo].[Contragent] ([ContragentId], [ContragentName]) VALUES (111, N'Contragent 111')
INSERT [dbo].[Contragent] ([ContragentId], [ContragentName]) VALUES (112, N'Contragent 112')
INSERT [dbo].[Contragent] ([ContragentId], [ContragentName]) VALUES (113, N'Contragent 113')
INSERT [dbo].[Contragent] ([ContragentId], [ContragentName]) VALUES (114, N'Contragent 114')
INSERT [dbo].[Contragent] ([ContragentId], [ContragentName]) VALUES (115, N'Contragent 115')
INSERT [dbo].[Contragent] ([ContragentId], [ContragentName]) VALUES (116, N'Contragent 116')
INSERT [dbo].[Contragent] ([ContragentId], [ContragentName]) VALUES (117, N'Contragent 117')
INSERT [dbo].[Contragent] ([ContragentId], [ContragentName]) VALUES (118, N'Contragent 118')
INSERT [dbo].[Contragent] ([ContragentId], [ContragentName]) VALUES (119, N'Contragent 119')
INSERT [dbo].[Contragent] ([ContragentId], [ContragentName]) VALUES (120, N'Contragent 120')
INSERT [dbo].[Contragent] ([ContragentId], [ContragentName]) VALUES (121, N'Contragent 121')
INSERT [dbo].[Contragent] ([ContragentId], [ContragentName]) VALUES (122, N'Contragent 122')
INSERT [dbo].[Contragent] ([ContragentId], [ContragentName]) VALUES (123, N'Contragent 123')
INSERT [dbo].[Contragent] ([ContragentId], [ContragentName]) VALUES (124, N'Contragent 124')
INSERT [dbo].[Contragent] ([ContragentId], [ContragentName]) VALUES (125, N'Contragent 125')
INSERT [dbo].[Contragent] ([ContragentId], [ContragentName]) VALUES (126, N'Contragent 126')
INSERT [dbo].[Contragent] ([ContragentId], [ContragentName]) VALUES (127, N'Contragent 127')
INSERT [dbo].[Contragent] ([ContragentId], [ContragentName]) VALUES (128, N'Contragent 128')
INSERT [dbo].[Contragent] ([ContragentId], [ContragentName]) VALUES (129, N'Contragent 129')
INSERT [dbo].[Contragent] ([ContragentId], [ContragentName]) VALUES (130, N'Contragent 130')
INSERT [dbo].[Contragent] ([ContragentId], [ContragentName]) VALUES (131, N'Contragent 131')
INSERT [dbo].[Contragent] ([ContragentId], [ContragentName]) VALUES (132, N'Contragent 132')
INSERT [dbo].[Contragent] ([ContragentId], [ContragentName]) VALUES (133, N'Contragent 133')
INSERT [dbo].[Contragent] ([ContragentId], [ContragentName]) VALUES (134, N'Contragent 134')
INSERT [dbo].[Contragent] ([ContragentId], [ContragentName]) VALUES (135, N'Contragent 135')
INSERT [dbo].[Contragent] ([ContragentId], [ContragentName]) VALUES (136, N'Contragent 136')
INSERT [dbo].[Contragent] ([ContragentId], [ContragentName]) VALUES (137, N'Contragent 137')
INSERT [dbo].[Contragent] ([ContragentId], [ContragentName]) VALUES (138, N'Contragent 138')
INSERT [dbo].[Contragent] ([ContragentId], [ContragentName]) VALUES (139, N'Contragent 139')
INSERT [dbo].[Contragent] ([ContragentId], [ContragentName]) VALUES (140, N'Contragent 140')
INSERT [dbo].[Contragent] ([ContragentId], [ContragentName]) VALUES (141, N'Contragent 141')
INSERT [dbo].[Contragent] ([ContragentId], [ContragentName]) VALUES (142, N'Contragent 142')
INSERT [dbo].[Contragent] ([ContragentId], [ContragentName]) VALUES (143, N'Contragent 143')
INSERT [dbo].[Contragent] ([ContragentId], [ContragentName]) VALUES (144, N'Contragent 144')
INSERT [dbo].[Contragent] ([ContragentId], [ContragentName]) VALUES (145, N'Contragent 145')
INSERT [dbo].[Contragent] ([ContragentId], [ContragentName]) VALUES (146, N'Contragent 146')
INSERT [dbo].[Contragent] ([ContragentId], [ContragentName]) VALUES (147, N'Contragent 147')
INSERT [dbo].[Contragent] ([ContragentId], [ContragentName]) VALUES (148, N'Contragent 148')
INSERT [dbo].[Contragent] ([ContragentId], [ContragentName]) VALUES (149, N'Contragent 149')
INSERT [dbo].[Contragent] ([ContragentId], [ContragentName]) VALUES (150, N'Contragent 150')
INSERT [dbo].[Contragent] ([ContragentId], [ContragentName]) VALUES (151, N'Contragent 151')
INSERT [dbo].[Contragent] ([ContragentId], [ContragentName]) VALUES (152, N'Contragent 152')
INSERT [dbo].[Contragent] ([ContragentId], [ContragentName]) VALUES (153, N'Contragent 153')
INSERT [dbo].[Contragent] ([ContragentId], [ContragentName]) VALUES (154, N'Contragent 154')
INSERT [dbo].[Contragent] ([ContragentId], [ContragentName]) VALUES (155, N'Contragent 155')
INSERT [dbo].[Contragent] ([ContragentId], [ContragentName]) VALUES (156, N'Contragent 156')
INSERT [dbo].[Contragent] ([ContragentId], [ContragentName]) VALUES (157, N'Contragent 157')
INSERT [dbo].[Contragent] ([ContragentId], [ContragentName]) VALUES (158, N'Contragent 158')
INSERT [dbo].[Contragent] ([ContragentId], [ContragentName]) VALUES (159, N'Contragent 159')
INSERT [dbo].[Contragent] ([ContragentId], [ContragentName]) VALUES (160, N'Contragent 160')
INSERT [dbo].[Contragent] ([ContragentId], [ContragentName]) VALUES (161, N'Contragent 161')
INSERT [dbo].[Contragent] ([ContragentId], [ContragentName]) VALUES (162, N'Contragent 162')
INSERT [dbo].[Contragent] ([ContragentId], [ContragentName]) VALUES (163, N'Contragent 163')
INSERT [dbo].[Contragent] ([ContragentId], [ContragentName]) VALUES (164, N'Contragent 164')
INSERT [dbo].[Contragent] ([ContragentId], [ContragentName]) VALUES (165, N'Contragent 165')
INSERT [dbo].[Contragent] ([ContragentId], [ContragentName]) VALUES (166, N'Contragent 166')
INSERT [dbo].[Contragent] ([ContragentId], [ContragentName]) VALUES (167, N'Contragent 167')
INSERT [dbo].[Contragent] ([ContragentId], [ContragentName]) VALUES (168, N'Contragent 168')
INSERT [dbo].[Contragent] ([ContragentId], [ContragentName]) VALUES (169, N'Contragent 169')
INSERT [dbo].[Contragent] ([ContragentId], [ContragentName]) VALUES (170, N'Contragent 170')
INSERT [dbo].[Contragent] ([ContragentId], [ContragentName]) VALUES (171, N'Contragent 171')
INSERT [dbo].[Contragent] ([ContragentId], [ContragentName]) VALUES (172, N'Contragent 172')
INSERT [dbo].[Contragent] ([ContragentId], [ContragentName]) VALUES (173, N'Contragent 173')
INSERT [dbo].[Contragent] ([ContragentId], [ContragentName]) VALUES (174, N'Contragent 174')
INSERT [dbo].[Contragent] ([ContragentId], [ContragentName]) VALUES (175, N'Contragent 175')
INSERT [dbo].[Contragent] ([ContragentId], [ContragentName]) VALUES (176, N'Contragent 176')
INSERT [dbo].[Contragent] ([ContragentId], [ContragentName]) VALUES (177, N'Contragent 177')
INSERT [dbo].[Contragent] ([ContragentId], [ContragentName]) VALUES (178, N'Contragent 178')
INSERT [dbo].[Contragent] ([ContragentId], [ContragentName]) VALUES (179, N'Contragent 179')
INSERT [dbo].[Contragent] ([ContragentId], [ContragentName]) VALUES (180, N'Contragent 180')
INSERT [dbo].[Contragent] ([ContragentId], [ContragentName]) VALUES (181, N'Contragent 181')
INSERT [dbo].[Contragent] ([ContragentId], [ContragentName]) VALUES (182, N'Contragent 182')
INSERT [dbo].[Contragent] ([ContragentId], [ContragentName]) VALUES (183, N'Contragent 183')
INSERT [dbo].[Contragent] ([ContragentId], [ContragentName]) VALUES (184, N'Contragent 184')
INSERT [dbo].[Contragent] ([ContragentId], [ContragentName]) VALUES (185, N'Contragent 185')
INSERT [dbo].[Contragent] ([ContragentId], [ContragentName]) VALUES (186, N'Contragent 186')
INSERT [dbo].[Contragent] ([ContragentId], [ContragentName]) VALUES (187, N'Contragent 187')
INSERT [dbo].[Contragent] ([ContragentId], [ContragentName]) VALUES (188, N'Contragent 188')
INSERT [dbo].[Contragent] ([ContragentId], [ContragentName]) VALUES (189, N'Contragent 189')
INSERT [dbo].[Contragent] ([ContragentId], [ContragentName]) VALUES (190, N'Contragent 190')
INSERT [dbo].[Contragent] ([ContragentId], [ContragentName]) VALUES (191, N'Contragent 191')
INSERT [dbo].[Contragent] ([ContragentId], [ContragentName]) VALUES (192, N'Contragent 192')
INSERT [dbo].[Contragent] ([ContragentId], [ContragentName]) VALUES (193, N'Contragent 193')
INSERT [dbo].[Contragent] ([ContragentId], [ContragentName]) VALUES (194, N'Contragent 194')
INSERT [dbo].[Contragent] ([ContragentId], [ContragentName]) VALUES (195, N'Contragent 195')
INSERT [dbo].[Contragent] ([ContragentId], [ContragentName]) VALUES (196, N'Contragent 196')
INSERT [dbo].[Contragent] ([ContragentId], [ContragentName]) VALUES (197, N'Contragent 197')
INSERT [dbo].[Contragent] ([ContragentId], [ContragentName]) VALUES (198, N'Contragent 198')
INSERT [dbo].[Contragent] ([ContragentId], [ContragentName]) VALUES (199, N'Contragent 199')
GO
INSERT [dbo].[Contragent] ([ContragentId], [ContragentName]) VALUES (200, N'Contragent 200')
INSERT [dbo].[Contragent] ([ContragentId], [ContragentName]) VALUES (201, N'Contragent 201')
INSERT [dbo].[Contragent] ([ContragentId], [ContragentName]) VALUES (202, N'Contragent 202')
INSERT [dbo].[Contragent] ([ContragentId], [ContragentName]) VALUES (203, N'Contragent 203')
INSERT [dbo].[Contragent] ([ContragentId], [ContragentName]) VALUES (204, N'Contragent 204')
INSERT [dbo].[Contragent] ([ContragentId], [ContragentName]) VALUES (205, N'Contragent 205')
INSERT [dbo].[Contragent] ([ContragentId], [ContragentName]) VALUES (206, N'Contragent 206')
INSERT [dbo].[Contragent] ([ContragentId], [ContragentName]) VALUES (207, N'Contragent 207')
INSERT [dbo].[Contragent] ([ContragentId], [ContragentName]) VALUES (208, N'Contragent 208')
INSERT [dbo].[Contragent] ([ContragentId], [ContragentName]) VALUES (209, N'Contragent 209')
INSERT [dbo].[Contragent] ([ContragentId], [ContragentName]) VALUES (210, N'Contragent 210')
INSERT [dbo].[Contragent] ([ContragentId], [ContragentName]) VALUES (211, N'Contragent 211')
INSERT [dbo].[Contragent] ([ContragentId], [ContragentName]) VALUES (212, N'Contragent 212')
INSERT [dbo].[Contragent] ([ContragentId], [ContragentName]) VALUES (213, N'Contragent 213')
INSERT [dbo].[Contragent] ([ContragentId], [ContragentName]) VALUES (214, N'Contragent 214')
INSERT [dbo].[Contragent] ([ContragentId], [ContragentName]) VALUES (215, N'Contragent 215')
INSERT [dbo].[Contragent] ([ContragentId], [ContragentName]) VALUES (216, N'Contragent 216')
INSERT [dbo].[Contragent] ([ContragentId], [ContragentName]) VALUES (217, N'Contragent 217')
INSERT [dbo].[Contragent] ([ContragentId], [ContragentName]) VALUES (218, N'Contragent 218')
INSERT [dbo].[Contragent] ([ContragentId], [ContragentName]) VALUES (219, N'Contragent 219')
INSERT [dbo].[Contragent] ([ContragentId], [ContragentName]) VALUES (220, N'Contragent 220')
INSERT [dbo].[Contragent] ([ContragentId], [ContragentName]) VALUES (221, N'Contragent 221')
INSERT [dbo].[Contragent] ([ContragentId], [ContragentName]) VALUES (222, N'Contragent 222')
INSERT [dbo].[Contragent] ([ContragentId], [ContragentName]) VALUES (223, N'Contragent 223')
INSERT [dbo].[Contragent] ([ContragentId], [ContragentName]) VALUES (224, N'Contragent 224')
INSERT [dbo].[Contragent] ([ContragentId], [ContragentName]) VALUES (225, N'Contragent 225')
INSERT [dbo].[Contragent] ([ContragentId], [ContragentName]) VALUES (226, N'Contragent 226')
INSERT [dbo].[Contragent] ([ContragentId], [ContragentName]) VALUES (227, N'Contragent 227')
INSERT [dbo].[Contragent] ([ContragentId], [ContragentName]) VALUES (228, N'Contragent 228')
INSERT [dbo].[Contragent] ([ContragentId], [ContragentName]) VALUES (229, N'Contragent 229')
INSERT [dbo].[Contragent] ([ContragentId], [ContragentName]) VALUES (230, N'Contragent 230')
INSERT [dbo].[Contragent] ([ContragentId], [ContragentName]) VALUES (231, N'Contragent 231')
INSERT [dbo].[Contragent] ([ContragentId], [ContragentName]) VALUES (232, N'Contragent 232')
INSERT [dbo].[Contragent] ([ContragentId], [ContragentName]) VALUES (233, N'Contragent 233')
INSERT [dbo].[Contragent] ([ContragentId], [ContragentName]) VALUES (234, N'Contragent 234')
INSERT [dbo].[Contragent] ([ContragentId], [ContragentName]) VALUES (235, N'Contragent 235')
INSERT [dbo].[Contragent] ([ContragentId], [ContragentName]) VALUES (236, N'Contragent 236')
INSERT [dbo].[Contragent] ([ContragentId], [ContragentName]) VALUES (237, N'Contragent 237')
INSERT [dbo].[Contragent] ([ContragentId], [ContragentName]) VALUES (238, N'Contragent 238')
INSERT [dbo].[Contragent] ([ContragentId], [ContragentName]) VALUES (239, N'Contragent 239')
INSERT [dbo].[Contragent] ([ContragentId], [ContragentName]) VALUES (240, N'Contragent 240')
INSERT [dbo].[Contragent] ([ContragentId], [ContragentName]) VALUES (241, N'Contragent 241')
INSERT [dbo].[Contragent] ([ContragentId], [ContragentName]) VALUES (242, N'Contragent 242')
INSERT [dbo].[Contragent] ([ContragentId], [ContragentName]) VALUES (243, N'Contragent 243')
INSERT [dbo].[Contragent] ([ContragentId], [ContragentName]) VALUES (244, N'Contragent 244')
INSERT [dbo].[Contragent] ([ContragentId], [ContragentName]) VALUES (245, N'Contragent 245')
INSERT [dbo].[Contragent] ([ContragentId], [ContragentName]) VALUES (246, N'Contragent 246')
INSERT [dbo].[Contragent] ([ContragentId], [ContragentName]) VALUES (247, N'Contragent 247')
INSERT [dbo].[Contragent] ([ContragentId], [ContragentName]) VALUES (248, N'Contragent 248')
INSERT [dbo].[Contragent] ([ContragentId], [ContragentName]) VALUES (249, N'Contragent 249')
INSERT [dbo].[Contragent] ([ContragentId], [ContragentName]) VALUES (250, N'Contragent 250')
INSERT [dbo].[Contragent] ([ContragentId], [ContragentName]) VALUES (251, N'Contragent 251')
INSERT [dbo].[Contragent] ([ContragentId], [ContragentName]) VALUES (252, N'Contragent 252')
INSERT [dbo].[Contragent] ([ContragentId], [ContragentName]) VALUES (253, N'Contragent 253')
INSERT [dbo].[Contragent] ([ContragentId], [ContragentName]) VALUES (254, N'Contragent 254')
INSERT [dbo].[Contragent] ([ContragentId], [ContragentName]) VALUES (255, N'Contragent 255')
INSERT [dbo].[Contragent] ([ContragentId], [ContragentName]) VALUES (256, N'Contragent 256')
INSERT [dbo].[Contragent] ([ContragentId], [ContragentName]) VALUES (257, N'Contragent 257')
INSERT [dbo].[Contragent] ([ContragentId], [ContragentName]) VALUES (258, N'Contragent 258')
INSERT [dbo].[Contragent] ([ContragentId], [ContragentName]) VALUES (259, N'Contragent 259')
INSERT [dbo].[Contragent] ([ContragentId], [ContragentName]) VALUES (260, N'Contragent 260')
INSERT [dbo].[Contragent] ([ContragentId], [ContragentName]) VALUES (261, N'Contragent 261')
INSERT [dbo].[Contragent] ([ContragentId], [ContragentName]) VALUES (262, N'Contragent 262')
INSERT [dbo].[Contragent] ([ContragentId], [ContragentName]) VALUES (263, N'Contragent 263')
INSERT [dbo].[Contragent] ([ContragentId], [ContragentName]) VALUES (264, N'Contragent 264')
INSERT [dbo].[Contragent] ([ContragentId], [ContragentName]) VALUES (265, N'Contragent 265')
INSERT [dbo].[Contragent] ([ContragentId], [ContragentName]) VALUES (266, N'Contragent 266')
INSERT [dbo].[Contragent] ([ContragentId], [ContragentName]) VALUES (267, N'Contragent 267')
INSERT [dbo].[Contragent] ([ContragentId], [ContragentName]) VALUES (268, N'Contragent 268')
INSERT [dbo].[Contragent] ([ContragentId], [ContragentName]) VALUES (269, N'Contragent 269')
INSERT [dbo].[Contragent] ([ContragentId], [ContragentName]) VALUES (270, N'Contragent 270')
INSERT [dbo].[Contragent] ([ContragentId], [ContragentName]) VALUES (271, N'Contragent 271')
INSERT [dbo].[Contragent] ([ContragentId], [ContragentName]) VALUES (272, N'Contragent 272')
INSERT [dbo].[Contragent] ([ContragentId], [ContragentName]) VALUES (273, N'Contragent 273')
INSERT [dbo].[Contragent] ([ContragentId], [ContragentName]) VALUES (274, N'Contragent 274')
INSERT [dbo].[Contragent] ([ContragentId], [ContragentName]) VALUES (275, N'Contragent 275')
INSERT [dbo].[Contragent] ([ContragentId], [ContragentName]) VALUES (276, N'Contragent 276')
INSERT [dbo].[Contragent] ([ContragentId], [ContragentName]) VALUES (277, N'Contragent 277')
INSERT [dbo].[Contragent] ([ContragentId], [ContragentName]) VALUES (278, N'Contragent 278')
INSERT [dbo].[Contragent] ([ContragentId], [ContragentName]) VALUES (279, N'Contragent 279')
INSERT [dbo].[Contragent] ([ContragentId], [ContragentName]) VALUES (280, N'Contragent 280')
INSERT [dbo].[Contragent] ([ContragentId], [ContragentName]) VALUES (281, N'Contragent 281')
INSERT [dbo].[Contragent] ([ContragentId], [ContragentName]) VALUES (282, N'Contragent 282')
INSERT [dbo].[Contragent] ([ContragentId], [ContragentName]) VALUES (283, N'Contragent 283')
INSERT [dbo].[Contragent] ([ContragentId], [ContragentName]) VALUES (284, N'Contragent 284')
INSERT [dbo].[Contragent] ([ContragentId], [ContragentName]) VALUES (285, N'Contragent 285')
INSERT [dbo].[Contragent] ([ContragentId], [ContragentName]) VALUES (286, N'Contragent 286')
INSERT [dbo].[Contragent] ([ContragentId], [ContragentName]) VALUES (287, N'Contragent 287')
INSERT [dbo].[Contragent] ([ContragentId], [ContragentName]) VALUES (288, N'Contragent 288')
INSERT [dbo].[Contragent] ([ContragentId], [ContragentName]) VALUES (289, N'Contragent 289')
INSERT [dbo].[Contragent] ([ContragentId], [ContragentName]) VALUES (290, N'Contragent 290')
INSERT [dbo].[Contragent] ([ContragentId], [ContragentName]) VALUES (291, N'Contragent 291')
INSERT [dbo].[Contragent] ([ContragentId], [ContragentName]) VALUES (292, N'Contragent 292')
INSERT [dbo].[Contragent] ([ContragentId], [ContragentName]) VALUES (293, N'Contragent 293')
INSERT [dbo].[Contragent] ([ContragentId], [ContragentName]) VALUES (294, N'Contragent 294')
INSERT [dbo].[Contragent] ([ContragentId], [ContragentName]) VALUES (295, N'Contragent 295')
INSERT [dbo].[Contragent] ([ContragentId], [ContragentName]) VALUES (296, N'Contragent 296')
INSERT [dbo].[Contragent] ([ContragentId], [ContragentName]) VALUES (297, N'Contragent 297')
INSERT [dbo].[Contragent] ([ContragentId], [ContragentName]) VALUES (298, N'Contragent 298')
INSERT [dbo].[Contragent] ([ContragentId], [ContragentName]) VALUES (299, N'Contragent 299')
GO
INSERT [dbo].[Contragent] ([ContragentId], [ContragentName]) VALUES (300, N'Contragent 300')
INSERT [dbo].[Contragent] ([ContragentId], [ContragentName]) VALUES (301, N'Contragent 301')
INSERT [dbo].[Contragent] ([ContragentId], [ContragentName]) VALUES (302, N'Contragent 302')
INSERT [dbo].[Contragent] ([ContragentId], [ContragentName]) VALUES (303, N'Contragent 303')
INSERT [dbo].[Contragent] ([ContragentId], [ContragentName]) VALUES (304, N'Contragent 304')
INSERT [dbo].[Contragent] ([ContragentId], [ContragentName]) VALUES (305, N'Contragent 305')
INSERT [dbo].[Contragent] ([ContragentId], [ContragentName]) VALUES (306, N'Contragent 306')
INSERT [dbo].[Contragent] ([ContragentId], [ContragentName]) VALUES (307, N'Contragent 307')
INSERT [dbo].[Contragent] ([ContragentId], [ContragentName]) VALUES (308, N'Contragent 308')
INSERT [dbo].[Contragent] ([ContragentId], [ContragentName]) VALUES (309, N'Contragent 309')
INSERT [dbo].[Contragent] ([ContragentId], [ContragentName]) VALUES (310, N'Contragent 310')
INSERT [dbo].[Contragent] ([ContragentId], [ContragentName]) VALUES (311, N'Contragent 311')
INSERT [dbo].[Contragent] ([ContragentId], [ContragentName]) VALUES (312, N'Contragent 312')
INSERT [dbo].[Contragent] ([ContragentId], [ContragentName]) VALUES (313, N'Contragent 313')
INSERT [dbo].[Contragent] ([ContragentId], [ContragentName]) VALUES (314, N'Contragent 314')
INSERT [dbo].[Contragent] ([ContragentId], [ContragentName]) VALUES (315, N'Contragent 315')
INSERT [dbo].[Contragent] ([ContragentId], [ContragentName]) VALUES (316, N'Contragent 316')
INSERT [dbo].[Contragent] ([ContragentId], [ContragentName]) VALUES (317, N'Contragent 317')
INSERT [dbo].[Contragent] ([ContragentId], [ContragentName]) VALUES (318, N'Contragent 318')
INSERT [dbo].[Contragent] ([ContragentId], [ContragentName]) VALUES (319, N'Contragent 319')
INSERT [dbo].[Contragent] ([ContragentId], [ContragentName]) VALUES (320, N'Contragent 320')
INSERT [dbo].[Contragent] ([ContragentId], [ContragentName]) VALUES (321, N'Contragent 321')
INSERT [dbo].[Contragent] ([ContragentId], [ContragentName]) VALUES (322, N'Contragent 322')
INSERT [dbo].[Contragent] ([ContragentId], [ContragentName]) VALUES (323, N'Contragent 323')
INSERT [dbo].[Contragent] ([ContragentId], [ContragentName]) VALUES (324, N'Contragent 324')
INSERT [dbo].[Contragent] ([ContragentId], [ContragentName]) VALUES (325, N'Contragent 325')
INSERT [dbo].[Contragent] ([ContragentId], [ContragentName]) VALUES (326, N'Contragent 326')
INSERT [dbo].[Contragent] ([ContragentId], [ContragentName]) VALUES (327, N'Contragent 327')
INSERT [dbo].[Contragent] ([ContragentId], [ContragentName]) VALUES (328, N'Contragent 328')
INSERT [dbo].[Contragent] ([ContragentId], [ContragentName]) VALUES (329, N'Contragent 329')
INSERT [dbo].[Contragent] ([ContragentId], [ContragentName]) VALUES (330, N'Contragent 330')
INSERT [dbo].[Contragent] ([ContragentId], [ContragentName]) VALUES (331, N'Contragent 331')
INSERT [dbo].[Contragent] ([ContragentId], [ContragentName]) VALUES (332, N'Contragent 332')
INSERT [dbo].[Contragent] ([ContragentId], [ContragentName]) VALUES (333, N'Contragent 333')
INSERT [dbo].[Contragent] ([ContragentId], [ContragentName]) VALUES (334, N'Contragent 334')
INSERT [dbo].[Contragent] ([ContragentId], [ContragentName]) VALUES (335, N'Contragent 335')
INSERT [dbo].[Contragent] ([ContragentId], [ContragentName]) VALUES (336, N'Contragent 336')
INSERT [dbo].[Contragent] ([ContragentId], [ContragentName]) VALUES (337, N'Contragent 337')
INSERT [dbo].[Contragent] ([ContragentId], [ContragentName]) VALUES (338, N'Contragent 338')
INSERT [dbo].[Contragent] ([ContragentId], [ContragentName]) VALUES (339, N'Contragent 339')
INSERT [dbo].[Contragent] ([ContragentId], [ContragentName]) VALUES (340, N'Contragent 340')
INSERT [dbo].[Contragent] ([ContragentId], [ContragentName]) VALUES (341, N'Contragent 341')
INSERT [dbo].[Contragent] ([ContragentId], [ContragentName]) VALUES (342, N'Contragent 342')
INSERT [dbo].[Contragent] ([ContragentId], [ContragentName]) VALUES (343, N'Contragent 343')
INSERT [dbo].[Contragent] ([ContragentId], [ContragentName]) VALUES (344, N'Contragent 344')
INSERT [dbo].[Contragent] ([ContragentId], [ContragentName]) VALUES (345, N'Contragent 345')
INSERT [dbo].[Contragent] ([ContragentId], [ContragentName]) VALUES (346, N'Contragent 346')
INSERT [dbo].[Contragent] ([ContragentId], [ContragentName]) VALUES (347, N'Contragent 347')
INSERT [dbo].[Contragent] ([ContragentId], [ContragentName]) VALUES (348, N'Contragent 348')
INSERT [dbo].[Contragent] ([ContragentId], [ContragentName]) VALUES (349, N'Contragent 349')
INSERT [dbo].[Contragent] ([ContragentId], [ContragentName]) VALUES (350, N'Contragent 350')
INSERT [dbo].[Contragent] ([ContragentId], [ContragentName]) VALUES (351, N'Contragent 351')
INSERT [dbo].[Contragent] ([ContragentId], [ContragentName]) VALUES (352, N'Contragent 352')
INSERT [dbo].[Contragent] ([ContragentId], [ContragentName]) VALUES (353, N'Contragent 353')
INSERT [dbo].[Contragent] ([ContragentId], [ContragentName]) VALUES (354, N'Contragent 354')
INSERT [dbo].[Contragent] ([ContragentId], [ContragentName]) VALUES (355, N'Contragent 355')
INSERT [dbo].[Contragent] ([ContragentId], [ContragentName]) VALUES (356, N'Contragent 356')
INSERT [dbo].[Contragent] ([ContragentId], [ContragentName]) VALUES (357, N'Contragent 357')
INSERT [dbo].[Contragent] ([ContragentId], [ContragentName]) VALUES (358, N'Contragent 358')
INSERT [dbo].[Contragent] ([ContragentId], [ContragentName]) VALUES (359, N'Contragent 359')
INSERT [dbo].[Contragent] ([ContragentId], [ContragentName]) VALUES (360, N'Contragent 360')
INSERT [dbo].[Contragent] ([ContragentId], [ContragentName]) VALUES (361, N'Contragent 361')
INSERT [dbo].[Contragent] ([ContragentId], [ContragentName]) VALUES (362, N'Contragent 362')
INSERT [dbo].[Contragent] ([ContragentId], [ContragentName]) VALUES (363, N'Contragent 363')
INSERT [dbo].[Contragent] ([ContragentId], [ContragentName]) VALUES (364, N'Contragent 364')
INSERT [dbo].[Contragent] ([ContragentId], [ContragentName]) VALUES (365, N'Contragent 365')
INSERT [dbo].[Contragent] ([ContragentId], [ContragentName]) VALUES (366, N'Contragent 366')
INSERT [dbo].[Contragent] ([ContragentId], [ContragentName]) VALUES (367, N'Contragent 367')
INSERT [dbo].[Contragent] ([ContragentId], [ContragentName]) VALUES (368, N'Contragent 368')
INSERT [dbo].[Contragent] ([ContragentId], [ContragentName]) VALUES (369, N'Contragent 369')
INSERT [dbo].[Contragent] ([ContragentId], [ContragentName]) VALUES (370, N'Contragent 370')
INSERT [dbo].[Contragent] ([ContragentId], [ContragentName]) VALUES (371, N'Contragent 371')
INSERT [dbo].[Contragent] ([ContragentId], [ContragentName]) VALUES (372, N'Contragent 372')
INSERT [dbo].[Contragent] ([ContragentId], [ContragentName]) VALUES (373, N'Contragent 373')
INSERT [dbo].[Contragent] ([ContragentId], [ContragentName]) VALUES (374, N'Contragent 374')
INSERT [dbo].[Contragent] ([ContragentId], [ContragentName]) VALUES (375, N'Contragent 375')
INSERT [dbo].[Contragent] ([ContragentId], [ContragentName]) VALUES (376, N'Contragent 376')
INSERT [dbo].[Contragent] ([ContragentId], [ContragentName]) VALUES (377, N'Contragent 377')
INSERT [dbo].[Contragent] ([ContragentId], [ContragentName]) VALUES (378, N'Contragent 378')
INSERT [dbo].[Contragent] ([ContragentId], [ContragentName]) VALUES (379, N'Contragent 379')
INSERT [dbo].[Contragent] ([ContragentId], [ContragentName]) VALUES (380, N'Contragent 380')
INSERT [dbo].[Contragent] ([ContragentId], [ContragentName]) VALUES (381, N'Contragent 381')
INSERT [dbo].[Contragent] ([ContragentId], [ContragentName]) VALUES (382, N'Contragent 382')
INSERT [dbo].[Contragent] ([ContragentId], [ContragentName]) VALUES (383, N'Contragent 383')
INSERT [dbo].[Contragent] ([ContragentId], [ContragentName]) VALUES (384, N'Contragent 384')
INSERT [dbo].[Contragent] ([ContragentId], [ContragentName]) VALUES (385, N'Contragent 385')
INSERT [dbo].[Contragent] ([ContragentId], [ContragentName]) VALUES (386, N'Contragent 386')
INSERT [dbo].[Contragent] ([ContragentId], [ContragentName]) VALUES (387, N'Contragent 387')
INSERT [dbo].[Contragent] ([ContragentId], [ContragentName]) VALUES (388, N'Contragent 388')
INSERT [dbo].[Contragent] ([ContragentId], [ContragentName]) VALUES (389, N'Contragent 389')
INSERT [dbo].[Contragent] ([ContragentId], [ContragentName]) VALUES (390, N'Contragent 390')
INSERT [dbo].[Contragent] ([ContragentId], [ContragentName]) VALUES (391, N'Contragent 391')
INSERT [dbo].[Contragent] ([ContragentId], [ContragentName]) VALUES (392, N'Contragent 392')
INSERT [dbo].[Contragent] ([ContragentId], [ContragentName]) VALUES (393, N'Contragent 393')
INSERT [dbo].[Contragent] ([ContragentId], [ContragentName]) VALUES (394, N'Contragent 394')
INSERT [dbo].[Contragent] ([ContragentId], [ContragentName]) VALUES (395, N'Contragent 395')
INSERT [dbo].[Contragent] ([ContragentId], [ContragentName]) VALUES (396, N'Contragent 396')
INSERT [dbo].[Contragent] ([ContragentId], [ContragentName]) VALUES (397, N'Contragent 397')
INSERT [dbo].[Contragent] ([ContragentId], [ContragentName]) VALUES (398, N'Contragent 398')
INSERT [dbo].[Contragent] ([ContragentId], [ContragentName]) VALUES (399, N'Contragent 399')
GO
INSERT [dbo].[Contragent] ([ContragentId], [ContragentName]) VALUES (400, N'Contragent 400')
INSERT [dbo].[Contragent] ([ContragentId], [ContragentName]) VALUES (401, N'Contragent 401')
INSERT [dbo].[Contragent] ([ContragentId], [ContragentName]) VALUES (402, N'Contragent 402')
INSERT [dbo].[Contragent] ([ContragentId], [ContragentName]) VALUES (403, N'Contragent 403')
INSERT [dbo].[Contragent] ([ContragentId], [ContragentName]) VALUES (404, N'Contragent 404')
INSERT [dbo].[Contragent] ([ContragentId], [ContragentName]) VALUES (405, N'Contragent 405')
INSERT [dbo].[Contragent] ([ContragentId], [ContragentName]) VALUES (406, N'Contragent 406')
INSERT [dbo].[Contragent] ([ContragentId], [ContragentName]) VALUES (407, N'Contragent 407')
INSERT [dbo].[Contragent] ([ContragentId], [ContragentName]) VALUES (408, N'Contragent 408')
INSERT [dbo].[Contragent] ([ContragentId], [ContragentName]) VALUES (409, N'Contragent 409')
INSERT [dbo].[Contragent] ([ContragentId], [ContragentName]) VALUES (410, N'Contragent 410')
INSERT [dbo].[Contragent] ([ContragentId], [ContragentName]) VALUES (411, N'Contragent 411')
INSERT [dbo].[Contragent] ([ContragentId], [ContragentName]) VALUES (412, N'Contragent 412')
INSERT [dbo].[Contragent] ([ContragentId], [ContragentName]) VALUES (413, N'Contragent 413')
INSERT [dbo].[Contragent] ([ContragentId], [ContragentName]) VALUES (414, N'Contragent 414')
INSERT [dbo].[Contragent] ([ContragentId], [ContragentName]) VALUES (415, N'Contragent 415')
INSERT [dbo].[Contragent] ([ContragentId], [ContragentName]) VALUES (416, N'Contragent 416')
INSERT [dbo].[Contragent] ([ContragentId], [ContragentName]) VALUES (417, N'Contragent 417')
INSERT [dbo].[Contragent] ([ContragentId], [ContragentName]) VALUES (418, N'Contragent 418')
INSERT [dbo].[Contragent] ([ContragentId], [ContragentName]) VALUES (419, N'Contragent 419')
INSERT [dbo].[Contragent] ([ContragentId], [ContragentName]) VALUES (420, N'Contragent 420')
INSERT [dbo].[Contragent] ([ContragentId], [ContragentName]) VALUES (421, N'Contragent 421')
INSERT [dbo].[Contragent] ([ContragentId], [ContragentName]) VALUES (422, N'Contragent 422')
INSERT [dbo].[Contragent] ([ContragentId], [ContragentName]) VALUES (423, N'Contragent 423')
INSERT [dbo].[Contragent] ([ContragentId], [ContragentName]) VALUES (424, N'Contragent 424')
INSERT [dbo].[Contragent] ([ContragentId], [ContragentName]) VALUES (425, N'Contragent 425')
INSERT [dbo].[Contragent] ([ContragentId], [ContragentName]) VALUES (426, N'Contragent 426')
INSERT [dbo].[Contragent] ([ContragentId], [ContragentName]) VALUES (427, N'Contragent 427')
INSERT [dbo].[Contragent] ([ContragentId], [ContragentName]) VALUES (428, N'Contragent 428')
INSERT [dbo].[Contragent] ([ContragentId], [ContragentName]) VALUES (429, N'Contragent 429')
INSERT [dbo].[Contragent] ([ContragentId], [ContragentName]) VALUES (430, N'Contragent 430')
INSERT [dbo].[Contragent] ([ContragentId], [ContragentName]) VALUES (431, N'Contragent 431')
INSERT [dbo].[Contragent] ([ContragentId], [ContragentName]) VALUES (432, N'Contragent 432')
INSERT [dbo].[Contragent] ([ContragentId], [ContragentName]) VALUES (433, N'Contragent 433')
INSERT [dbo].[Contragent] ([ContragentId], [ContragentName]) VALUES (434, N'Contragent 434')
INSERT [dbo].[Contragent] ([ContragentId], [ContragentName]) VALUES (435, N'Contragent 435')
INSERT [dbo].[Contragent] ([ContragentId], [ContragentName]) VALUES (436, N'Contragent 436')
INSERT [dbo].[Contragent] ([ContragentId], [ContragentName]) VALUES (437, N'Contragent 437')
INSERT [dbo].[Contragent] ([ContragentId], [ContragentName]) VALUES (438, N'Contragent 438')
INSERT [dbo].[Contragent] ([ContragentId], [ContragentName]) VALUES (439, N'Contragent 439')
INSERT [dbo].[Contragent] ([ContragentId], [ContragentName]) VALUES (440, N'Contragent 440')
INSERT [dbo].[Contragent] ([ContragentId], [ContragentName]) VALUES (441, N'Contragent 441')
INSERT [dbo].[Contragent] ([ContragentId], [ContragentName]) VALUES (442, N'Contragent 442')
INSERT [dbo].[Contragent] ([ContragentId], [ContragentName]) VALUES (443, N'Contragent 443')
INSERT [dbo].[Contragent] ([ContragentId], [ContragentName]) VALUES (444, N'Contragent 444')
INSERT [dbo].[Contragent] ([ContragentId], [ContragentName]) VALUES (445, N'Contragent 445')
INSERT [dbo].[Contragent] ([ContragentId], [ContragentName]) VALUES (446, N'Contragent 446')
INSERT [dbo].[Contragent] ([ContragentId], [ContragentName]) VALUES (447, N'Contragent 447')
INSERT [dbo].[Contragent] ([ContragentId], [ContragentName]) VALUES (448, N'Contragent 448')
INSERT [dbo].[Contragent] ([ContragentId], [ContragentName]) VALUES (449, N'Contragent 449')
INSERT [dbo].[Contragent] ([ContragentId], [ContragentName]) VALUES (450, N'Contragent 450')
INSERT [dbo].[Contragent] ([ContragentId], [ContragentName]) VALUES (451, N'Contragent 451')
INSERT [dbo].[Contragent] ([ContragentId], [ContragentName]) VALUES (452, N'Contragent 452')
INSERT [dbo].[Contragent] ([ContragentId], [ContragentName]) VALUES (453, N'Contragent 453')
INSERT [dbo].[Contragent] ([ContragentId], [ContragentName]) VALUES (454, N'Contragent 454')
INSERT [dbo].[Contragent] ([ContragentId], [ContragentName]) VALUES (455, N'Contragent 455')
INSERT [dbo].[Contragent] ([ContragentId], [ContragentName]) VALUES (456, N'Contragent 456')
INSERT [dbo].[Contragent] ([ContragentId], [ContragentName]) VALUES (457, N'Contragent 457')
INSERT [dbo].[Contragent] ([ContragentId], [ContragentName]) VALUES (458, N'Contragent 458')
INSERT [dbo].[Contragent] ([ContragentId], [ContragentName]) VALUES (459, N'Contragent 459')
INSERT [dbo].[Contragent] ([ContragentId], [ContragentName]) VALUES (460, N'Contragent 460')
INSERT [dbo].[Contragent] ([ContragentId], [ContragentName]) VALUES (461, N'Contragent 461')
INSERT [dbo].[Contragent] ([ContragentId], [ContragentName]) VALUES (462, N'Contragent 462')
INSERT [dbo].[Contragent] ([ContragentId], [ContragentName]) VALUES (463, N'Contragent 463')
INSERT [dbo].[Contragent] ([ContragentId], [ContragentName]) VALUES (464, N'Contragent 464')
INSERT [dbo].[Contragent] ([ContragentId], [ContragentName]) VALUES (465, N'Contragent 465')
INSERT [dbo].[Contragent] ([ContragentId], [ContragentName]) VALUES (466, N'Contragent 466')
INSERT [dbo].[Contragent] ([ContragentId], [ContragentName]) VALUES (467, N'Contragent 467')
INSERT [dbo].[Contragent] ([ContragentId], [ContragentName]) VALUES (468, N'Contragent 468')
INSERT [dbo].[Contragent] ([ContragentId], [ContragentName]) VALUES (469, N'Contragent 469')
INSERT [dbo].[Contragent] ([ContragentId], [ContragentName]) VALUES (470, N'Contragent 470')
INSERT [dbo].[Contragent] ([ContragentId], [ContragentName]) VALUES (471, N'Contragent 471')
INSERT [dbo].[Contragent] ([ContragentId], [ContragentName]) VALUES (472, N'Contragent 472')
INSERT [dbo].[Contragent] ([ContragentId], [ContragentName]) VALUES (473, N'Contragent 473')
INSERT [dbo].[Contragent] ([ContragentId], [ContragentName]) VALUES (474, N'Contragent 474')
INSERT [dbo].[Contragent] ([ContragentId], [ContragentName]) VALUES (475, N'Contragent 475')
INSERT [dbo].[Contragent] ([ContragentId], [ContragentName]) VALUES (476, N'Contragent 476')
INSERT [dbo].[Contragent] ([ContragentId], [ContragentName]) VALUES (477, N'Contragent 477')
INSERT [dbo].[Contragent] ([ContragentId], [ContragentName]) VALUES (478, N'Contragent 478')
INSERT [dbo].[Contragent] ([ContragentId], [ContragentName]) VALUES (479, N'Contragent 479')
INSERT [dbo].[Contragent] ([ContragentId], [ContragentName]) VALUES (480, N'Contragent 480')
INSERT [dbo].[Contragent] ([ContragentId], [ContragentName]) VALUES (481, N'Contragent 481')
INSERT [dbo].[Contragent] ([ContragentId], [ContragentName]) VALUES (482, N'Contragent 482')
INSERT [dbo].[Contragent] ([ContragentId], [ContragentName]) VALUES (483, N'Contragent 483')
INSERT [dbo].[Contragent] ([ContragentId], [ContragentName]) VALUES (484, N'Contragent 484')
INSERT [dbo].[Contragent] ([ContragentId], [ContragentName]) VALUES (485, N'Contragent 485')
INSERT [dbo].[Contragent] ([ContragentId], [ContragentName]) VALUES (486, N'Contragent 486')
INSERT [dbo].[Contragent] ([ContragentId], [ContragentName]) VALUES (487, N'Contragent 487')
INSERT [dbo].[Contragent] ([ContragentId], [ContragentName]) VALUES (488, N'Contragent 488')
INSERT [dbo].[Contragent] ([ContragentId], [ContragentName]) VALUES (489, N'Contragent 489')
INSERT [dbo].[Contragent] ([ContragentId], [ContragentName]) VALUES (490, N'Contragent 490')
INSERT [dbo].[Contragent] ([ContragentId], [ContragentName]) VALUES (491, N'Contragent 491')
INSERT [dbo].[Contragent] ([ContragentId], [ContragentName]) VALUES (492, N'Contragent 492')
INSERT [dbo].[Contragent] ([ContragentId], [ContragentName]) VALUES (493, N'Contragent 493')
INSERT [dbo].[Contragent] ([ContragentId], [ContragentName]) VALUES (494, N'Contragent 494')
INSERT [dbo].[Contragent] ([ContragentId], [ContragentName]) VALUES (495, N'Contragent 495')
INSERT [dbo].[Contragent] ([ContragentId], [ContragentName]) VALUES (496, N'Contragent 496')
INSERT [dbo].[Contragent] ([ContragentId], [ContragentName]) VALUES (497, N'Contragent 497')
INSERT [dbo].[Contragent] ([ContragentId], [ContragentName]) VALUES (498, N'Contragent 498')
INSERT [dbo].[Contragent] ([ContragentId], [ContragentName]) VALUES (499, N'Contragent 499')
GO
INSERT [dbo].[Contragent] ([ContragentId], [ContragentName]) VALUES (500, N'Contragent 500')
INSERT [dbo].[Contragent] ([ContragentId], [ContragentName]) VALUES (501, N'Contragent 501')
INSERT [dbo].[Contragent] ([ContragentId], [ContragentName]) VALUES (502, N'Contragent 502')
INSERT [dbo].[Contragent] ([ContragentId], [ContragentName]) VALUES (503, N'Contragent 503')
INSERT [dbo].[Contragent] ([ContragentId], [ContragentName]) VALUES (504, N'Contragent 504')
INSERT [dbo].[Contragent] ([ContragentId], [ContragentName]) VALUES (505, N'Contragent 505')
INSERT [dbo].[Contragent] ([ContragentId], [ContragentName]) VALUES (506, N'Contragent 506')
INSERT [dbo].[Contragent] ([ContragentId], [ContragentName]) VALUES (507, N'Contragent 507')
INSERT [dbo].[Contragent] ([ContragentId], [ContragentName]) VALUES (508, N'Contragent 508')
INSERT [dbo].[Contragent] ([ContragentId], [ContragentName]) VALUES (509, N'Contragent 509')
INSERT [dbo].[Contragent] ([ContragentId], [ContragentName]) VALUES (510, N'Contragent 510')
INSERT [dbo].[Contragent] ([ContragentId], [ContragentName]) VALUES (511, N'Contragent 511')
INSERT [dbo].[Contragent] ([ContragentId], [ContragentName]) VALUES (512, N'Contragent 512')
INSERT [dbo].[Contragent] ([ContragentId], [ContragentName]) VALUES (513, N'Contragent 513')
INSERT [dbo].[Contragent] ([ContragentId], [ContragentName]) VALUES (514, N'Contragent 514')
INSERT [dbo].[Contragent] ([ContragentId], [ContragentName]) VALUES (515, N'Contragent 515')
INSERT [dbo].[Contragent] ([ContragentId], [ContragentName]) VALUES (516, N'Contragent 516')
INSERT [dbo].[Contragent] ([ContragentId], [ContragentName]) VALUES (517, N'Contragent 517')
INSERT [dbo].[Contragent] ([ContragentId], [ContragentName]) VALUES (518, N'Contragent 518')
INSERT [dbo].[Contragent] ([ContragentId], [ContragentName]) VALUES (519, N'Contragent 519')
INSERT [dbo].[Contragent] ([ContragentId], [ContragentName]) VALUES (520, N'Contragent 520')
INSERT [dbo].[Contragent] ([ContragentId], [ContragentName]) VALUES (521, N'Contragent 521')
INSERT [dbo].[Contragent] ([ContragentId], [ContragentName]) VALUES (522, N'Contragent 522')
INSERT [dbo].[Contragent] ([ContragentId], [ContragentName]) VALUES (523, N'Contragent 523')
INSERT [dbo].[Contragent] ([ContragentId], [ContragentName]) VALUES (524, N'Contragent 524')
INSERT [dbo].[Contragent] ([ContragentId], [ContragentName]) VALUES (525, N'Contragent 525')
INSERT [dbo].[Contragent] ([ContragentId], [ContragentName]) VALUES (526, N'Contragent 526')
INSERT [dbo].[Contragent] ([ContragentId], [ContragentName]) VALUES (527, N'Contragent 527')
INSERT [dbo].[Contragent] ([ContragentId], [ContragentName]) VALUES (528, N'Contragent 528')
INSERT [dbo].[Contragent] ([ContragentId], [ContragentName]) VALUES (529, N'Contragent 529')
INSERT [dbo].[Contragent] ([ContragentId], [ContragentName]) VALUES (530, N'Contragent 530')
INSERT [dbo].[Contragent] ([ContragentId], [ContragentName]) VALUES (531, N'Contragent 531')
INSERT [dbo].[Contragent] ([ContragentId], [ContragentName]) VALUES (532, N'Contragent 532')
INSERT [dbo].[Contragent] ([ContragentId], [ContragentName]) VALUES (533, N'Contragent 533')
INSERT [dbo].[Contragent] ([ContragentId], [ContragentName]) VALUES (534, N'Contragent 534')
INSERT [dbo].[Contragent] ([ContragentId], [ContragentName]) VALUES (535, N'Contragent 535')
INSERT [dbo].[Contragent] ([ContragentId], [ContragentName]) VALUES (536, N'Contragent 536')
INSERT [dbo].[Contragent] ([ContragentId], [ContragentName]) VALUES (537, N'Contragent 537')
INSERT [dbo].[Contragent] ([ContragentId], [ContragentName]) VALUES (538, N'Contragent 538')
INSERT [dbo].[Contragent] ([ContragentId], [ContragentName]) VALUES (539, N'Contragent 539')
INSERT [dbo].[Contragent] ([ContragentId], [ContragentName]) VALUES (540, N'Contragent 540')
INSERT [dbo].[Contragent] ([ContragentId], [ContragentName]) VALUES (541, N'Contragent 541')
INSERT [dbo].[Contragent] ([ContragentId], [ContragentName]) VALUES (542, N'Contragent 542')
INSERT [dbo].[Contragent] ([ContragentId], [ContragentName]) VALUES (543, N'Contragent 543')
INSERT [dbo].[Contragent] ([ContragentId], [ContragentName]) VALUES (544, N'Contragent 544')
INSERT [dbo].[Contragent] ([ContragentId], [ContragentName]) VALUES (545, N'Contragent 545')
INSERT [dbo].[Contragent] ([ContragentId], [ContragentName]) VALUES (546, N'Contragent 546')
INSERT [dbo].[Contragent] ([ContragentId], [ContragentName]) VALUES (547, N'Contragent 547')
INSERT [dbo].[Contragent] ([ContragentId], [ContragentName]) VALUES (548, N'Contragent 548')
INSERT [dbo].[Contragent] ([ContragentId], [ContragentName]) VALUES (549, N'Contragent 549')
INSERT [dbo].[Contragent] ([ContragentId], [ContragentName]) VALUES (550, N'Contragent 550')
INSERT [dbo].[Contragent] ([ContragentId], [ContragentName]) VALUES (551, N'Contragent 551')
INSERT [dbo].[Contragent] ([ContragentId], [ContragentName]) VALUES (552, N'Contragent 552')
INSERT [dbo].[Contragent] ([ContragentId], [ContragentName]) VALUES (553, N'Contragent 553')
INSERT [dbo].[Contragent] ([ContragentId], [ContragentName]) VALUES (554, N'Contragent 554')
INSERT [dbo].[Contragent] ([ContragentId], [ContragentName]) VALUES (555, N'Contragent 555')
INSERT [dbo].[Contragent] ([ContragentId], [ContragentName]) VALUES (556, N'Contragent 556')
INSERT [dbo].[Contragent] ([ContragentId], [ContragentName]) VALUES (557, N'Contragent 557')
INSERT [dbo].[Contragent] ([ContragentId], [ContragentName]) VALUES (558, N'Contragent 558')
INSERT [dbo].[Contragent] ([ContragentId], [ContragentName]) VALUES (559, N'Contragent 559')
INSERT [dbo].[Contragent] ([ContragentId], [ContragentName]) VALUES (560, N'Contragent 560')
INSERT [dbo].[Contragent] ([ContragentId], [ContragentName]) VALUES (561, N'Contragent 561')
INSERT [dbo].[Contragent] ([ContragentId], [ContragentName]) VALUES (562, N'Contragent 562')
INSERT [dbo].[Contragent] ([ContragentId], [ContragentName]) VALUES (563, N'Contragent 563')
INSERT [dbo].[Contragent] ([ContragentId], [ContragentName]) VALUES (564, N'Contragent 564')
INSERT [dbo].[Contragent] ([ContragentId], [ContragentName]) VALUES (565, N'Contragent 565')
INSERT [dbo].[Contragent] ([ContragentId], [ContragentName]) VALUES (566, N'Contragent 566')
INSERT [dbo].[Contragent] ([ContragentId], [ContragentName]) VALUES (567, N'Contragent 567')
INSERT [dbo].[Contragent] ([ContragentId], [ContragentName]) VALUES (568, N'Contragent 568')
INSERT [dbo].[Contragent] ([ContragentId], [ContragentName]) VALUES (569, N'Contragent 569')
INSERT [dbo].[Contragent] ([ContragentId], [ContragentName]) VALUES (570, N'Contragent 570')
INSERT [dbo].[Contragent] ([ContragentId], [ContragentName]) VALUES (571, N'Contragent 571')
INSERT [dbo].[Contragent] ([ContragentId], [ContragentName]) VALUES (572, N'Contragent 572')
INSERT [dbo].[Contragent] ([ContragentId], [ContragentName]) VALUES (573, N'Contragent 573')
INSERT [dbo].[Contragent] ([ContragentId], [ContragentName]) VALUES (574, N'Contragent 574')
INSERT [dbo].[Contragent] ([ContragentId], [ContragentName]) VALUES (575, N'Contragent 575')
INSERT [dbo].[Contragent] ([ContragentId], [ContragentName]) VALUES (576, N'Contragent 576')
INSERT [dbo].[Contragent] ([ContragentId], [ContragentName]) VALUES (577, N'Contragent 577')
INSERT [dbo].[Contragent] ([ContragentId], [ContragentName]) VALUES (578, N'Contragent 578')
INSERT [dbo].[Contragent] ([ContragentId], [ContragentName]) VALUES (579, N'Contragent 579')
INSERT [dbo].[Contragent] ([ContragentId], [ContragentName]) VALUES (580, N'Contragent 580')
INSERT [dbo].[Contragent] ([ContragentId], [ContragentName]) VALUES (581, N'Contragent 581')
INSERT [dbo].[Contragent] ([ContragentId], [ContragentName]) VALUES (582, N'Contragent 582')
INSERT [dbo].[Contragent] ([ContragentId], [ContragentName]) VALUES (583, N'Contragent 583')
INSERT [dbo].[Contragent] ([ContragentId], [ContragentName]) VALUES (584, N'Contragent 584')
INSERT [dbo].[Contragent] ([ContragentId], [ContragentName]) VALUES (585, N'Contragent 585')
INSERT [dbo].[Contragent] ([ContragentId], [ContragentName]) VALUES (586, N'Contragent 586')
INSERT [dbo].[Contragent] ([ContragentId], [ContragentName]) VALUES (587, N'Contragent 587')
INSERT [dbo].[Contragent] ([ContragentId], [ContragentName]) VALUES (588, N'Contragent 588')
INSERT [dbo].[Contragent] ([ContragentId], [ContragentName]) VALUES (589, N'Contragent 589')
INSERT [dbo].[Contragent] ([ContragentId], [ContragentName]) VALUES (590, N'Contragent 590')
INSERT [dbo].[Contragent] ([ContragentId], [ContragentName]) VALUES (591, N'Contragent 591')
INSERT [dbo].[Contragent] ([ContragentId], [ContragentName]) VALUES (592, N'Contragent 592')
INSERT [dbo].[Contragent] ([ContragentId], [ContragentName]) VALUES (593, N'Contragent 593')
INSERT [dbo].[Contragent] ([ContragentId], [ContragentName]) VALUES (594, N'Contragent 594')
INSERT [dbo].[Contragent] ([ContragentId], [ContragentName]) VALUES (595, N'Contragent 595')
INSERT [dbo].[Contragent] ([ContragentId], [ContragentName]) VALUES (596, N'Contragent 596')
INSERT [dbo].[Contragent] ([ContragentId], [ContragentName]) VALUES (597, N'Contragent 597')
INSERT [dbo].[Contragent] ([ContragentId], [ContragentName]) VALUES (598, N'Contragent 598')
INSERT [dbo].[Contragent] ([ContragentId], [ContragentName]) VALUES (599, N'Contragent 599')
GO
INSERT [dbo].[Contragent] ([ContragentId], [ContragentName]) VALUES (600, N'Contragent 600')
INSERT [dbo].[Contragent] ([ContragentId], [ContragentName]) VALUES (601, N'Contragent 601')
INSERT [dbo].[Contragent] ([ContragentId], [ContragentName]) VALUES (602, N'Contragent 602')
INSERT [dbo].[Contragent] ([ContragentId], [ContragentName]) VALUES (603, N'Contragent 603')
INSERT [dbo].[Contragent] ([ContragentId], [ContragentName]) VALUES (604, N'Contragent 604')
INSERT [dbo].[Contragent] ([ContragentId], [ContragentName]) VALUES (605, N'Contragent 605')
INSERT [dbo].[Contragent] ([ContragentId], [ContragentName]) VALUES (606, N'Contragent 606')
INSERT [dbo].[Contragent] ([ContragentId], [ContragentName]) VALUES (607, N'Contragent 607')
INSERT [dbo].[Contragent] ([ContragentId], [ContragentName]) VALUES (608, N'Contragent 608')
INSERT [dbo].[Contragent] ([ContragentId], [ContragentName]) VALUES (609, N'Contragent 609')
INSERT [dbo].[Contragent] ([ContragentId], [ContragentName]) VALUES (610, N'Contragent 610')
INSERT [dbo].[Contragent] ([ContragentId], [ContragentName]) VALUES (611, N'Contragent 611')
INSERT [dbo].[Contragent] ([ContragentId], [ContragentName]) VALUES (612, N'Contragent 612')
INSERT [dbo].[Contragent] ([ContragentId], [ContragentName]) VALUES (613, N'Contragent 613')
INSERT [dbo].[Contragent] ([ContragentId], [ContragentName]) VALUES (614, N'Contragent 614')
INSERT [dbo].[Contragent] ([ContragentId], [ContragentName]) VALUES (615, N'Contragent 615')
INSERT [dbo].[Contragent] ([ContragentId], [ContragentName]) VALUES (616, N'Contragent 616')
INSERT [dbo].[Contragent] ([ContragentId], [ContragentName]) VALUES (617, N'Contragent 617')
INSERT [dbo].[Contragent] ([ContragentId], [ContragentName]) VALUES (618, N'Contragent 618')
INSERT [dbo].[Contragent] ([ContragentId], [ContragentName]) VALUES (619, N'Contragent 619')
INSERT [dbo].[Contragent] ([ContragentId], [ContragentName]) VALUES (620, N'Contragent 620')
INSERT [dbo].[Contragent] ([ContragentId], [ContragentName]) VALUES (621, N'Contragent 621')
INSERT [dbo].[Contragent] ([ContragentId], [ContragentName]) VALUES (622, N'Contragent 622')
INSERT [dbo].[Contragent] ([ContragentId], [ContragentName]) VALUES (623, N'Contragent 623')
INSERT [dbo].[Contragent] ([ContragentId], [ContragentName]) VALUES (624, N'Contragent 624')
INSERT [dbo].[Contragent] ([ContragentId], [ContragentName]) VALUES (625, N'Contragent 625')
INSERT [dbo].[Contragent] ([ContragentId], [ContragentName]) VALUES (626, N'Contragent 626')
INSERT [dbo].[Contragent] ([ContragentId], [ContragentName]) VALUES (627, N'Contragent 627')
INSERT [dbo].[Contragent] ([ContragentId], [ContragentName]) VALUES (628, N'Contragent 628')
INSERT [dbo].[Contragent] ([ContragentId], [ContragentName]) VALUES (629, N'Contragent 629')
INSERT [dbo].[Contragent] ([ContragentId], [ContragentName]) VALUES (630, N'Contragent 630')
INSERT [dbo].[Contragent] ([ContragentId], [ContragentName]) VALUES (631, N'Contragent 631')
INSERT [dbo].[Contragent] ([ContragentId], [ContragentName]) VALUES (632, N'Contragent 632')
INSERT [dbo].[Contragent] ([ContragentId], [ContragentName]) VALUES (633, N'Contragent 633')
INSERT [dbo].[Contragent] ([ContragentId], [ContragentName]) VALUES (634, N'Contragent 634')
INSERT [dbo].[Contragent] ([ContragentId], [ContragentName]) VALUES (635, N'Contragent 635')
INSERT [dbo].[Contragent] ([ContragentId], [ContragentName]) VALUES (636, N'Contragent 636')
INSERT [dbo].[Contragent] ([ContragentId], [ContragentName]) VALUES (637, N'Contragent 637')
INSERT [dbo].[Contragent] ([ContragentId], [ContragentName]) VALUES (638, N'Contragent 638')
INSERT [dbo].[Contragent] ([ContragentId], [ContragentName]) VALUES (639, N'Contragent 639')
INSERT [dbo].[Contragent] ([ContragentId], [ContragentName]) VALUES (640, N'Contragent 640')
INSERT [dbo].[Contragent] ([ContragentId], [ContragentName]) VALUES (641, N'Contragent 641')
INSERT [dbo].[Contragent] ([ContragentId], [ContragentName]) VALUES (642, N'Contragent 642')
INSERT [dbo].[Contragent] ([ContragentId], [ContragentName]) VALUES (643, N'Contragent 643')
INSERT [dbo].[Contragent] ([ContragentId], [ContragentName]) VALUES (644, N'Contragent 644')
INSERT [dbo].[Contragent] ([ContragentId], [ContragentName]) VALUES (645, N'Contragent 645')
INSERT [dbo].[Contragent] ([ContragentId], [ContragentName]) VALUES (646, N'Contragent 646')
INSERT [dbo].[Contragent] ([ContragentId], [ContragentName]) VALUES (647, N'Contragent 647')
INSERT [dbo].[Contragent] ([ContragentId], [ContragentName]) VALUES (648, N'Contragent 648')
INSERT [dbo].[Contragent] ([ContragentId], [ContragentName]) VALUES (649, N'Contragent 649')
INSERT [dbo].[Contragent] ([ContragentId], [ContragentName]) VALUES (650, N'Contragent 650')
INSERT [dbo].[Contragent] ([ContragentId], [ContragentName]) VALUES (651, N'Contragent 651')
INSERT [dbo].[Contragent] ([ContragentId], [ContragentName]) VALUES (652, N'Contragent 652')
INSERT [dbo].[Contragent] ([ContragentId], [ContragentName]) VALUES (653, N'Contragent 653')
INSERT [dbo].[Contragent] ([ContragentId], [ContragentName]) VALUES (654, N'Contragent 654')
INSERT [dbo].[Contragent] ([ContragentId], [ContragentName]) VALUES (655, N'Contragent 655')
INSERT [dbo].[Contragent] ([ContragentId], [ContragentName]) VALUES (656, N'Contragent 656')
INSERT [dbo].[Contragent] ([ContragentId], [ContragentName]) VALUES (657, N'Contragent 657')
INSERT [dbo].[Contragent] ([ContragentId], [ContragentName]) VALUES (658, N'Contragent 658')
INSERT [dbo].[Contragent] ([ContragentId], [ContragentName]) VALUES (659, N'Contragent 659')
INSERT [dbo].[Contragent] ([ContragentId], [ContragentName]) VALUES (660, N'Contragent 660')
INSERT [dbo].[Contragent] ([ContragentId], [ContragentName]) VALUES (661, N'Contragent 661')
INSERT [dbo].[Contragent] ([ContragentId], [ContragentName]) VALUES (662, N'Contragent 662')
INSERT [dbo].[Contragent] ([ContragentId], [ContragentName]) VALUES (663, N'Contragent 663')
INSERT [dbo].[Contragent] ([ContragentId], [ContragentName]) VALUES (664, N'Contragent 664')
INSERT [dbo].[Contragent] ([ContragentId], [ContragentName]) VALUES (665, N'Contragent 665')
INSERT [dbo].[Contragent] ([ContragentId], [ContragentName]) VALUES (666, N'Contragent 666')
INSERT [dbo].[Contragent] ([ContragentId], [ContragentName]) VALUES (667, N'Contragent 667')
INSERT [dbo].[Contragent] ([ContragentId], [ContragentName]) VALUES (668, N'Contragent 668')
INSERT [dbo].[Contragent] ([ContragentId], [ContragentName]) VALUES (669, N'Contragent 669')
INSERT [dbo].[Contragent] ([ContragentId], [ContragentName]) VALUES (670, N'Contragent 670')
INSERT [dbo].[Contragent] ([ContragentId], [ContragentName]) VALUES (671, N'Contragent 671')
INSERT [dbo].[Contragent] ([ContragentId], [ContragentName]) VALUES (672, N'Contragent 672')
INSERT [dbo].[Contragent] ([ContragentId], [ContragentName]) VALUES (673, N'Contragent 673')
INSERT [dbo].[Contragent] ([ContragentId], [ContragentName]) VALUES (674, N'Contragent 674')
INSERT [dbo].[Contragent] ([ContragentId], [ContragentName]) VALUES (675, N'Contragent 675')
INSERT [dbo].[Contragent] ([ContragentId], [ContragentName]) VALUES (676, N'Contragent 676')
INSERT [dbo].[Contragent] ([ContragentId], [ContragentName]) VALUES (677, N'Contragent 677')
INSERT [dbo].[Contragent] ([ContragentId], [ContragentName]) VALUES (678, N'Contragent 678')
INSERT [dbo].[Contragent] ([ContragentId], [ContragentName]) VALUES (679, N'Contragent 679')
INSERT [dbo].[Contragent] ([ContragentId], [ContragentName]) VALUES (680, N'Contragent 680')
INSERT [dbo].[Contragent] ([ContragentId], [ContragentName]) VALUES (681, N'Contragent 681')
INSERT [dbo].[Contragent] ([ContragentId], [ContragentName]) VALUES (682, N'Contragent 682')
INSERT [dbo].[Contragent] ([ContragentId], [ContragentName]) VALUES (683, N'Contragent 683')
INSERT [dbo].[Contragent] ([ContragentId], [ContragentName]) VALUES (684, N'Contragent 684')
INSERT [dbo].[Contragent] ([ContragentId], [ContragentName]) VALUES (685, N'Contragent 685')
INSERT [dbo].[Contragent] ([ContragentId], [ContragentName]) VALUES (686, N'Contragent 686')
INSERT [dbo].[Contragent] ([ContragentId], [ContragentName]) VALUES (687, N'Contragent 687')
INSERT [dbo].[Contragent] ([ContragentId], [ContragentName]) VALUES (688, N'Contragent 688')
INSERT [dbo].[Contragent] ([ContragentId], [ContragentName]) VALUES (689, N'Contragent 689')
INSERT [dbo].[Contragent] ([ContragentId], [ContragentName]) VALUES (690, N'Contragent 690')
INSERT [dbo].[Contragent] ([ContragentId], [ContragentName]) VALUES (691, N'Contragent 691')
INSERT [dbo].[Contragent] ([ContragentId], [ContragentName]) VALUES (692, N'Contragent 692')
INSERT [dbo].[Contragent] ([ContragentId], [ContragentName]) VALUES (693, N'Contragent 693')
INSERT [dbo].[Contragent] ([ContragentId], [ContragentName]) VALUES (694, N'Contragent 694')
INSERT [dbo].[Contragent] ([ContragentId], [ContragentName]) VALUES (695, N'Contragent 695')
INSERT [dbo].[Contragent] ([ContragentId], [ContragentName]) VALUES (696, N'Contragent 696')
INSERT [dbo].[Contragent] ([ContragentId], [ContragentName]) VALUES (697, N'Contragent 697')
INSERT [dbo].[Contragent] ([ContragentId], [ContragentName]) VALUES (698, N'Contragent 698')
INSERT [dbo].[Contragent] ([ContragentId], [ContragentName]) VALUES (699, N'Contragent 699')
GO
INSERT [dbo].[Contragent] ([ContragentId], [ContragentName]) VALUES (700, N'Contragent 700')
INSERT [dbo].[Contragent] ([ContragentId], [ContragentName]) VALUES (701, N'Contragent 701')
INSERT [dbo].[Contragent] ([ContragentId], [ContragentName]) VALUES (702, N'Contragent 702')
INSERT [dbo].[Contragent] ([ContragentId], [ContragentName]) VALUES (703, N'Contragent 703')
INSERT [dbo].[Contragent] ([ContragentId], [ContragentName]) VALUES (704, N'Contragent 704')
INSERT [dbo].[Contragent] ([ContragentId], [ContragentName]) VALUES (705, N'Contragent 705')
INSERT [dbo].[Contragent] ([ContragentId], [ContragentName]) VALUES (706, N'Contragent 706')
INSERT [dbo].[Contragent] ([ContragentId], [ContragentName]) VALUES (707, N'Contragent 707')
INSERT [dbo].[Contragent] ([ContragentId], [ContragentName]) VALUES (708, N'Contragent 708')
INSERT [dbo].[Contragent] ([ContragentId], [ContragentName]) VALUES (709, N'Contragent 709')
INSERT [dbo].[Contragent] ([ContragentId], [ContragentName]) VALUES (710, N'Contragent 710')
INSERT [dbo].[Contragent] ([ContragentId], [ContragentName]) VALUES (711, N'Contragent 711')
INSERT [dbo].[Contragent] ([ContragentId], [ContragentName]) VALUES (712, N'Contragent 712')
INSERT [dbo].[Contragent] ([ContragentId], [ContragentName]) VALUES (713, N'Contragent 713')
INSERT [dbo].[Contragent] ([ContragentId], [ContragentName]) VALUES (714, N'Contragent 714')
INSERT [dbo].[Contragent] ([ContragentId], [ContragentName]) VALUES (715, N'Contragent 715')
INSERT [dbo].[Contragent] ([ContragentId], [ContragentName]) VALUES (716, N'Contragent 716')
INSERT [dbo].[Contragent] ([ContragentId], [ContragentName]) VALUES (717, N'Contragent 717')
INSERT [dbo].[Contragent] ([ContragentId], [ContragentName]) VALUES (718, N'Contragent 718')
INSERT [dbo].[Contragent] ([ContragentId], [ContragentName]) VALUES (719, N'Contragent 719')
INSERT [dbo].[Contragent] ([ContragentId], [ContragentName]) VALUES (720, N'Contragent 720')
INSERT [dbo].[Contragent] ([ContragentId], [ContragentName]) VALUES (721, N'Contragent 721')
INSERT [dbo].[Contragent] ([ContragentId], [ContragentName]) VALUES (722, N'Contragent 722')
INSERT [dbo].[Contragent] ([ContragentId], [ContragentName]) VALUES (723, N'Contragent 723')
INSERT [dbo].[Contragent] ([ContragentId], [ContragentName]) VALUES (724, N'Contragent 724')
INSERT [dbo].[Contragent] ([ContragentId], [ContragentName]) VALUES (725, N'Contragent 725')
INSERT [dbo].[Contragent] ([ContragentId], [ContragentName]) VALUES (726, N'Contragent 726')
INSERT [dbo].[Contragent] ([ContragentId], [ContragentName]) VALUES (727, N'Contragent 727')
INSERT [dbo].[Contragent] ([ContragentId], [ContragentName]) VALUES (728, N'Contragent 728')
INSERT [dbo].[Contragent] ([ContragentId], [ContragentName]) VALUES (729, N'Contragent 729')
INSERT [dbo].[Contragent] ([ContragentId], [ContragentName]) VALUES (730, N'Contragent 730')
INSERT [dbo].[Contragent] ([ContragentId], [ContragentName]) VALUES (731, N'Contragent 731')
INSERT [dbo].[Contragent] ([ContragentId], [ContragentName]) VALUES (732, N'Contragent 732')
INSERT [dbo].[Contragent] ([ContragentId], [ContragentName]) VALUES (733, N'Contragent 733')
INSERT [dbo].[Contragent] ([ContragentId], [ContragentName]) VALUES (734, N'Contragent 734')
INSERT [dbo].[Contragent] ([ContragentId], [ContragentName]) VALUES (735, N'Contragent 735')
INSERT [dbo].[Contragent] ([ContragentId], [ContragentName]) VALUES (736, N'Contragent 736')
INSERT [dbo].[Contragent] ([ContragentId], [ContragentName]) VALUES (737, N'Contragent 737')
INSERT [dbo].[Contragent] ([ContragentId], [ContragentName]) VALUES (738, N'Contragent 738')
INSERT [dbo].[Contragent] ([ContragentId], [ContragentName]) VALUES (739, N'Contragent 739')
INSERT [dbo].[Contragent] ([ContragentId], [ContragentName]) VALUES (740, N'Contragent 740')
INSERT [dbo].[Contragent] ([ContragentId], [ContragentName]) VALUES (741, N'Contragent 741')
INSERT [dbo].[Contragent] ([ContragentId], [ContragentName]) VALUES (742, N'Contragent 742')
INSERT [dbo].[Contragent] ([ContragentId], [ContragentName]) VALUES (743, N'Contragent 743')
INSERT [dbo].[Contragent] ([ContragentId], [ContragentName]) VALUES (744, N'Contragent 744')
INSERT [dbo].[Contragent] ([ContragentId], [ContragentName]) VALUES (745, N'Contragent 745')
INSERT [dbo].[Contragent] ([ContragentId], [ContragentName]) VALUES (746, N'Contragent 746')
INSERT [dbo].[Contragent] ([ContragentId], [ContragentName]) VALUES (747, N'Contragent 747')
INSERT [dbo].[Contragent] ([ContragentId], [ContragentName]) VALUES (748, N'Contragent 748')
INSERT [dbo].[Contragent] ([ContragentId], [ContragentName]) VALUES (749, N'Contragent 749')
INSERT [dbo].[Contragent] ([ContragentId], [ContragentName]) VALUES (750, N'Contragent 750')
INSERT [dbo].[Contragent] ([ContragentId], [ContragentName]) VALUES (751, N'Contragent 751')
INSERT [dbo].[Contragent] ([ContragentId], [ContragentName]) VALUES (752, N'Contragent 752')
INSERT [dbo].[Contragent] ([ContragentId], [ContragentName]) VALUES (753, N'Contragent 753')
INSERT [dbo].[Contragent] ([ContragentId], [ContragentName]) VALUES (754, N'Contragent 754')
INSERT [dbo].[Contragent] ([ContragentId], [ContragentName]) VALUES (755, N'Contragent 755')
INSERT [dbo].[Contragent] ([ContragentId], [ContragentName]) VALUES (756, N'Contragent 756')
INSERT [dbo].[Contragent] ([ContragentId], [ContragentName]) VALUES (757, N'Contragent 757')
INSERT [dbo].[Contragent] ([ContragentId], [ContragentName]) VALUES (758, N'Contragent 758')
INSERT [dbo].[Contragent] ([ContragentId], [ContragentName]) VALUES (759, N'Contragent 759')
INSERT [dbo].[Contragent] ([ContragentId], [ContragentName]) VALUES (760, N'Contragent 760')
INSERT [dbo].[Contragent] ([ContragentId], [ContragentName]) VALUES (761, N'Contragent 761')
INSERT [dbo].[Contragent] ([ContragentId], [ContragentName]) VALUES (762, N'Contragent 762')
INSERT [dbo].[Contragent] ([ContragentId], [ContragentName]) VALUES (763, N'Contragent 763')
INSERT [dbo].[Contragent] ([ContragentId], [ContragentName]) VALUES (764, N'Contragent 764')
INSERT [dbo].[Contragent] ([ContragentId], [ContragentName]) VALUES (765, N'Contragent 765')
INSERT [dbo].[Contragent] ([ContragentId], [ContragentName]) VALUES (766, N'Contragent 766')
INSERT [dbo].[Contragent] ([ContragentId], [ContragentName]) VALUES (767, N'Contragent 767')
INSERT [dbo].[Contragent] ([ContragentId], [ContragentName]) VALUES (768, N'Contragent 768')
INSERT [dbo].[Contragent] ([ContragentId], [ContragentName]) VALUES (769, N'Contragent 769')
INSERT [dbo].[Contragent] ([ContragentId], [ContragentName]) VALUES (770, N'Contragent 770')
INSERT [dbo].[Contragent] ([ContragentId], [ContragentName]) VALUES (771, N'Contragent 771')
INSERT [dbo].[Contragent] ([ContragentId], [ContragentName]) VALUES (772, N'Contragent 772')
INSERT [dbo].[Contragent] ([ContragentId], [ContragentName]) VALUES (773, N'Contragent 773')
INSERT [dbo].[Contragent] ([ContragentId], [ContragentName]) VALUES (774, N'Contragent 774')
INSERT [dbo].[Contragent] ([ContragentId], [ContragentName]) VALUES (775, N'Contragent 775')
INSERT [dbo].[Contragent] ([ContragentId], [ContragentName]) VALUES (776, N'Contragent 776')
INSERT [dbo].[Contragent] ([ContragentId], [ContragentName]) VALUES (777, N'Contragent 777')
INSERT [dbo].[Contragent] ([ContragentId], [ContragentName]) VALUES (778, N'Contragent 778')
INSERT [dbo].[Contragent] ([ContragentId], [ContragentName]) VALUES (779, N'Contragent 779')
INSERT [dbo].[Contragent] ([ContragentId], [ContragentName]) VALUES (780, N'Contragent 780')
INSERT [dbo].[Contragent] ([ContragentId], [ContragentName]) VALUES (781, N'Contragent 781')
INSERT [dbo].[Contragent] ([ContragentId], [ContragentName]) VALUES (782, N'Contragent 782')
INSERT [dbo].[Contragent] ([ContragentId], [ContragentName]) VALUES (783, N'Contragent 783')
INSERT [dbo].[Contragent] ([ContragentId], [ContragentName]) VALUES (784, N'Contragent 784')
INSERT [dbo].[Contragent] ([ContragentId], [ContragentName]) VALUES (785, N'Contragent 785')
INSERT [dbo].[Contragent] ([ContragentId], [ContragentName]) VALUES (786, N'Contragent 786')
INSERT [dbo].[Contragent] ([ContragentId], [ContragentName]) VALUES (787, N'Contragent 787')
INSERT [dbo].[Contragent] ([ContragentId], [ContragentName]) VALUES (788, N'Contragent 788')
INSERT [dbo].[Contragent] ([ContragentId], [ContragentName]) VALUES (789, N'Contragent 789')
INSERT [dbo].[Contragent] ([ContragentId], [ContragentName]) VALUES (790, N'Contragent 790')
INSERT [dbo].[Contragent] ([ContragentId], [ContragentName]) VALUES (791, N'Contragent 791')
INSERT [dbo].[Contragent] ([ContragentId], [ContragentName]) VALUES (792, N'Contragent 792')
INSERT [dbo].[Contragent] ([ContragentId], [ContragentName]) VALUES (793, N'Contragent 793')
INSERT [dbo].[Contragent] ([ContragentId], [ContragentName]) VALUES (794, N'Contragent 794')
INSERT [dbo].[Contragent] ([ContragentId], [ContragentName]) VALUES (795, N'Contragent 795')
INSERT [dbo].[Contragent] ([ContragentId], [ContragentName]) VALUES (796, N'Contragent 796')
INSERT [dbo].[Contragent] ([ContragentId], [ContragentName]) VALUES (797, N'Contragent 797')
INSERT [dbo].[Contragent] ([ContragentId], [ContragentName]) VALUES (798, N'Contragent 798')
INSERT [dbo].[Contragent] ([ContragentId], [ContragentName]) VALUES (799, N'Contragent 799')
GO
INSERT [dbo].[Contragent] ([ContragentId], [ContragentName]) VALUES (800, N'Contragent 800')
INSERT [dbo].[Contragent] ([ContragentId], [ContragentName]) VALUES (801, N'Contragent 801')
INSERT [dbo].[Contragent] ([ContragentId], [ContragentName]) VALUES (802, N'Contragent 802')
INSERT [dbo].[Contragent] ([ContragentId], [ContragentName]) VALUES (803, N'Contragent 803')
INSERT [dbo].[Contragent] ([ContragentId], [ContragentName]) VALUES (804, N'Contragent 804')
INSERT [dbo].[Contragent] ([ContragentId], [ContragentName]) VALUES (805, N'Contragent 805')
INSERT [dbo].[Contragent] ([ContragentId], [ContragentName]) VALUES (806, N'Contragent 806')
INSERT [dbo].[Contragent] ([ContragentId], [ContragentName]) VALUES (807, N'Contragent 807')
INSERT [dbo].[Contragent] ([ContragentId], [ContragentName]) VALUES (808, N'Contragent 808')
INSERT [dbo].[Contragent] ([ContragentId], [ContragentName]) VALUES (809, N'Contragent 809')
INSERT [dbo].[Contragent] ([ContragentId], [ContragentName]) VALUES (810, N'Contragent 810')
INSERT [dbo].[Contragent] ([ContragentId], [ContragentName]) VALUES (811, N'Contragent 811')
INSERT [dbo].[Contragent] ([ContragentId], [ContragentName]) VALUES (812, N'Contragent 812')
INSERT [dbo].[Contragent] ([ContragentId], [ContragentName]) VALUES (813, N'Contragent 813')
INSERT [dbo].[Contragent] ([ContragentId], [ContragentName]) VALUES (814, N'Contragent 814')
INSERT [dbo].[Contragent] ([ContragentId], [ContragentName]) VALUES (815, N'Contragent 815')
INSERT [dbo].[Contragent] ([ContragentId], [ContragentName]) VALUES (816, N'Contragent 816')
INSERT [dbo].[Contragent] ([ContragentId], [ContragentName]) VALUES (817, N'Contragent 817')
INSERT [dbo].[Contragent] ([ContragentId], [ContragentName]) VALUES (818, N'Contragent 818')
INSERT [dbo].[Contragent] ([ContragentId], [ContragentName]) VALUES (819, N'Contragent 819')
INSERT [dbo].[Contragent] ([ContragentId], [ContragentName]) VALUES (820, N'Contragent 820')
INSERT [dbo].[Contragent] ([ContragentId], [ContragentName]) VALUES (821, N'Contragent 821')
INSERT [dbo].[Contragent] ([ContragentId], [ContragentName]) VALUES (822, N'Contragent 822')
INSERT [dbo].[Contragent] ([ContragentId], [ContragentName]) VALUES (823, N'Contragent 823')
INSERT [dbo].[Contragent] ([ContragentId], [ContragentName]) VALUES (824, N'Contragent 824')
INSERT [dbo].[Contragent] ([ContragentId], [ContragentName]) VALUES (825, N'Contragent 825')
INSERT [dbo].[Contragent] ([ContragentId], [ContragentName]) VALUES (826, N'Contragent 826')
INSERT [dbo].[Contragent] ([ContragentId], [ContragentName]) VALUES (827, N'Contragent 827')
INSERT [dbo].[Contragent] ([ContragentId], [ContragentName]) VALUES (828, N'Contragent 828')
INSERT [dbo].[Contragent] ([ContragentId], [ContragentName]) VALUES (829, N'Contragent 829')
INSERT [dbo].[Contragent] ([ContragentId], [ContragentName]) VALUES (830, N'Contragent 830')
INSERT [dbo].[Contragent] ([ContragentId], [ContragentName]) VALUES (831, N'Contragent 831')
INSERT [dbo].[Contragent] ([ContragentId], [ContragentName]) VALUES (832, N'Contragent 832')
INSERT [dbo].[Contragent] ([ContragentId], [ContragentName]) VALUES (833, N'Contragent 833')
INSERT [dbo].[Contragent] ([ContragentId], [ContragentName]) VALUES (834, N'Contragent 834')
INSERT [dbo].[Contragent] ([ContragentId], [ContragentName]) VALUES (835, N'Contragent 835')
INSERT [dbo].[Contragent] ([ContragentId], [ContragentName]) VALUES (836, N'Contragent 836')
INSERT [dbo].[Contragent] ([ContragentId], [ContragentName]) VALUES (837, N'Contragent 837')
INSERT [dbo].[Contragent] ([ContragentId], [ContragentName]) VALUES (838, N'Contragent 838')
INSERT [dbo].[Contragent] ([ContragentId], [ContragentName]) VALUES (839, N'Contragent 839')
INSERT [dbo].[Contragent] ([ContragentId], [ContragentName]) VALUES (840, N'Contragent 840')
INSERT [dbo].[Contragent] ([ContragentId], [ContragentName]) VALUES (841, N'Contragent 841')
INSERT [dbo].[Contragent] ([ContragentId], [ContragentName]) VALUES (842, N'Contragent 842')
INSERT [dbo].[Contragent] ([ContragentId], [ContragentName]) VALUES (843, N'Contragent 843')
INSERT [dbo].[Contragent] ([ContragentId], [ContragentName]) VALUES (844, N'Contragent 844')
INSERT [dbo].[Contragent] ([ContragentId], [ContragentName]) VALUES (845, N'Contragent 845')
INSERT [dbo].[Contragent] ([ContragentId], [ContragentName]) VALUES (846, N'Contragent 846')
INSERT [dbo].[Contragent] ([ContragentId], [ContragentName]) VALUES (847, N'Contragent 847')
INSERT [dbo].[Contragent] ([ContragentId], [ContragentName]) VALUES (848, N'Contragent 848')
INSERT [dbo].[Contragent] ([ContragentId], [ContragentName]) VALUES (849, N'Contragent 849')
INSERT [dbo].[Contragent] ([ContragentId], [ContragentName]) VALUES (850, N'Contragent 850')
INSERT [dbo].[Contragent] ([ContragentId], [ContragentName]) VALUES (851, N'Contragent 851')
INSERT [dbo].[Contragent] ([ContragentId], [ContragentName]) VALUES (852, N'Contragent 852')
INSERT [dbo].[Contragent] ([ContragentId], [ContragentName]) VALUES (853, N'Contragent 853')
INSERT [dbo].[Contragent] ([ContragentId], [ContragentName]) VALUES (854, N'Contragent 854')
INSERT [dbo].[Contragent] ([ContragentId], [ContragentName]) VALUES (855, N'Contragent 855')
INSERT [dbo].[Contragent] ([ContragentId], [ContragentName]) VALUES (856, N'Contragent 856')
INSERT [dbo].[Contragent] ([ContragentId], [ContragentName]) VALUES (857, N'Contragent 857')
INSERT [dbo].[Contragent] ([ContragentId], [ContragentName]) VALUES (858, N'Contragent 858')
INSERT [dbo].[Contragent] ([ContragentId], [ContragentName]) VALUES (859, N'Contragent 859')
INSERT [dbo].[Contragent] ([ContragentId], [ContragentName]) VALUES (860, N'Contragent 860')
INSERT [dbo].[Contragent] ([ContragentId], [ContragentName]) VALUES (861, N'Contragent 861')
INSERT [dbo].[Contragent] ([ContragentId], [ContragentName]) VALUES (862, N'Contragent 862')
INSERT [dbo].[Contragent] ([ContragentId], [ContragentName]) VALUES (863, N'Contragent 863')
INSERT [dbo].[Contragent] ([ContragentId], [ContragentName]) VALUES (864, N'Contragent 864')
INSERT [dbo].[Contragent] ([ContragentId], [ContragentName]) VALUES (865, N'Contragent 865')
INSERT [dbo].[Contragent] ([ContragentId], [ContragentName]) VALUES (866, N'Contragent 866')
INSERT [dbo].[Contragent] ([ContragentId], [ContragentName]) VALUES (867, N'Contragent 867')
INSERT [dbo].[Contragent] ([ContragentId], [ContragentName]) VALUES (868, N'Contragent 868')
INSERT [dbo].[Contragent] ([ContragentId], [ContragentName]) VALUES (869, N'Contragent 869')
INSERT [dbo].[Contragent] ([ContragentId], [ContragentName]) VALUES (870, N'Contragent 870')
INSERT [dbo].[Contragent] ([ContragentId], [ContragentName]) VALUES (871, N'Contragent 871')
INSERT [dbo].[Contragent] ([ContragentId], [ContragentName]) VALUES (872, N'Contragent 872')
INSERT [dbo].[Contragent] ([ContragentId], [ContragentName]) VALUES (873, N'Contragent 873')
INSERT [dbo].[Contragent] ([ContragentId], [ContragentName]) VALUES (874, N'Contragent 874')
INSERT [dbo].[Contragent] ([ContragentId], [ContragentName]) VALUES (875, N'Contragent 875')
INSERT [dbo].[Contragent] ([ContragentId], [ContragentName]) VALUES (876, N'Contragent 876')
INSERT [dbo].[Contragent] ([ContragentId], [ContragentName]) VALUES (877, N'Contragent 877')
INSERT [dbo].[Contragent] ([ContragentId], [ContragentName]) VALUES (878, N'Contragent 878')
INSERT [dbo].[Contragent] ([ContragentId], [ContragentName]) VALUES (879, N'Contragent 879')
INSERT [dbo].[Contragent] ([ContragentId], [ContragentName]) VALUES (880, N'Contragent 880')
INSERT [dbo].[Contragent] ([ContragentId], [ContragentName]) VALUES (881, N'Contragent 881')
INSERT [dbo].[Contragent] ([ContragentId], [ContragentName]) VALUES (882, N'Contragent 882')
INSERT [dbo].[Contragent] ([ContragentId], [ContragentName]) VALUES (883, N'Contragent 883')
INSERT [dbo].[Contragent] ([ContragentId], [ContragentName]) VALUES (884, N'Contragent 884')
INSERT [dbo].[Contragent] ([ContragentId], [ContragentName]) VALUES (885, N'Contragent 885')
INSERT [dbo].[Contragent] ([ContragentId], [ContragentName]) VALUES (886, N'Contragent 886')
INSERT [dbo].[Contragent] ([ContragentId], [ContragentName]) VALUES (887, N'Contragent 887')
INSERT [dbo].[Contragent] ([ContragentId], [ContragentName]) VALUES (888, N'Contragent 888')
INSERT [dbo].[Contragent] ([ContragentId], [ContragentName]) VALUES (889, N'Contragent 889')
INSERT [dbo].[Contragent] ([ContragentId], [ContragentName]) VALUES (890, N'Contragent 890')
INSERT [dbo].[Contragent] ([ContragentId], [ContragentName]) VALUES (891, N'Contragent 891')
INSERT [dbo].[Contragent] ([ContragentId], [ContragentName]) VALUES (892, N'Contragent 892')
INSERT [dbo].[Contragent] ([ContragentId], [ContragentName]) VALUES (893, N'Contragent 893')
INSERT [dbo].[Contragent] ([ContragentId], [ContragentName]) VALUES (894, N'Contragent 894')
INSERT [dbo].[Contragent] ([ContragentId], [ContragentName]) VALUES (895, N'Contragent 895')
INSERT [dbo].[Contragent] ([ContragentId], [ContragentName]) VALUES (896, N'Contragent 896')
INSERT [dbo].[Contragent] ([ContragentId], [ContragentName]) VALUES (897, N'Contragent 897')
INSERT [dbo].[Contragent] ([ContragentId], [ContragentName]) VALUES (898, N'Contragent 898')
INSERT [dbo].[Contragent] ([ContragentId], [ContragentName]) VALUES (899, N'Contragent 899')
GO
INSERT [dbo].[Contragent] ([ContragentId], [ContragentName]) VALUES (900, N'Contragent 900')
INSERT [dbo].[Contragent] ([ContragentId], [ContragentName]) VALUES (901, N'Contragent 901')
INSERT [dbo].[Contragent] ([ContragentId], [ContragentName]) VALUES (902, N'Contragent 902')
INSERT [dbo].[Contragent] ([ContragentId], [ContragentName]) VALUES (903, N'Contragent 903')
INSERT [dbo].[Contragent] ([ContragentId], [ContragentName]) VALUES (904, N'Contragent 904')
INSERT [dbo].[Contragent] ([ContragentId], [ContragentName]) VALUES (905, N'Contragent 905')
INSERT [dbo].[Contragent] ([ContragentId], [ContragentName]) VALUES (906, N'Contragent 906')
INSERT [dbo].[Contragent] ([ContragentId], [ContragentName]) VALUES (907, N'Contragent 907')
INSERT [dbo].[Contragent] ([ContragentId], [ContragentName]) VALUES (908, N'Contragent 908')
INSERT [dbo].[Contragent] ([ContragentId], [ContragentName]) VALUES (909, N'Contragent 909')
INSERT [dbo].[Contragent] ([ContragentId], [ContragentName]) VALUES (910, N'Contragent 910')
INSERT [dbo].[Contragent] ([ContragentId], [ContragentName]) VALUES (911, N'Contragent 911')
INSERT [dbo].[Contragent] ([ContragentId], [ContragentName]) VALUES (912, N'Contragent 912')
INSERT [dbo].[Contragent] ([ContragentId], [ContragentName]) VALUES (913, N'Contragent 913')
INSERT [dbo].[Contragent] ([ContragentId], [ContragentName]) VALUES (914, N'Contragent 914')
INSERT [dbo].[Contragent] ([ContragentId], [ContragentName]) VALUES (915, N'Contragent 915')
INSERT [dbo].[Contragent] ([ContragentId], [ContragentName]) VALUES (916, N'Contragent 916')
INSERT [dbo].[Contragent] ([ContragentId], [ContragentName]) VALUES (917, N'Contragent 917')
INSERT [dbo].[Contragent] ([ContragentId], [ContragentName]) VALUES (918, N'Contragent 918')
INSERT [dbo].[Contragent] ([ContragentId], [ContragentName]) VALUES (919, N'Contragent 919')
INSERT [dbo].[Contragent] ([ContragentId], [ContragentName]) VALUES (920, N'Contragent 920')
INSERT [dbo].[Contragent] ([ContragentId], [ContragentName]) VALUES (921, N'Contragent 921')
INSERT [dbo].[Contragent] ([ContragentId], [ContragentName]) VALUES (922, N'Contragent 922')
INSERT [dbo].[Contragent] ([ContragentId], [ContragentName]) VALUES (923, N'Contragent 923')
INSERT [dbo].[Contragent] ([ContragentId], [ContragentName]) VALUES (924, N'Contragent 924')
INSERT [dbo].[Contragent] ([ContragentId], [ContragentName]) VALUES (925, N'Contragent 925')
INSERT [dbo].[Contragent] ([ContragentId], [ContragentName]) VALUES (926, N'Contragent 926')
INSERT [dbo].[Contragent] ([ContragentId], [ContragentName]) VALUES (927, N'Contragent 927')
INSERT [dbo].[Contragent] ([ContragentId], [ContragentName]) VALUES (928, N'Contragent 928')
INSERT [dbo].[Contragent] ([ContragentId], [ContragentName]) VALUES (929, N'Contragent 929')
INSERT [dbo].[Contragent] ([ContragentId], [ContragentName]) VALUES (930, N'Contragent 930')
INSERT [dbo].[Contragent] ([ContragentId], [ContragentName]) VALUES (931, N'Contragent 931')
INSERT [dbo].[Contragent] ([ContragentId], [ContragentName]) VALUES (932, N'Contragent 932')
INSERT [dbo].[Contragent] ([ContragentId], [ContragentName]) VALUES (933, N'Contragent 933')
INSERT [dbo].[Contragent] ([ContragentId], [ContragentName]) VALUES (934, N'Contragent 934')
INSERT [dbo].[Contragent] ([ContragentId], [ContragentName]) VALUES (935, N'Contragent 935')
INSERT [dbo].[Contragent] ([ContragentId], [ContragentName]) VALUES (936, N'Contragent 936')
INSERT [dbo].[Contragent] ([ContragentId], [ContragentName]) VALUES (937, N'Contragent 937')
INSERT [dbo].[Contragent] ([ContragentId], [ContragentName]) VALUES (938, N'Contragent 938')
INSERT [dbo].[Contragent] ([ContragentId], [ContragentName]) VALUES (939, N'Contragent 939')
INSERT [dbo].[Contragent] ([ContragentId], [ContragentName]) VALUES (940, N'Contragent 940')
INSERT [dbo].[Contragent] ([ContragentId], [ContragentName]) VALUES (941, N'Contragent 941')
INSERT [dbo].[Contragent] ([ContragentId], [ContragentName]) VALUES (942, N'Contragent 942')
INSERT [dbo].[Contragent] ([ContragentId], [ContragentName]) VALUES (943, N'Contragent 943')
INSERT [dbo].[Contragent] ([ContragentId], [ContragentName]) VALUES (944, N'Contragent 944')
INSERT [dbo].[Contragent] ([ContragentId], [ContragentName]) VALUES (945, N'Contragent 945')
INSERT [dbo].[Contragent] ([ContragentId], [ContragentName]) VALUES (946, N'Contragent 946')
INSERT [dbo].[Contragent] ([ContragentId], [ContragentName]) VALUES (947, N'Contragent 947')
INSERT [dbo].[Contragent] ([ContragentId], [ContragentName]) VALUES (948, N'Contragent 948')
INSERT [dbo].[Contragent] ([ContragentId], [ContragentName]) VALUES (949, N'Contragent 949')
INSERT [dbo].[Contragent] ([ContragentId], [ContragentName]) VALUES (950, N'Contragent 950')
INSERT [dbo].[Contragent] ([ContragentId], [ContragentName]) VALUES (951, N'Contragent 951')
INSERT [dbo].[Contragent] ([ContragentId], [ContragentName]) VALUES (952, N'Contragent 952')
INSERT [dbo].[Contragent] ([ContragentId], [ContragentName]) VALUES (953, N'Contragent 953')
INSERT [dbo].[Contragent] ([ContragentId], [ContragentName]) VALUES (954, N'Contragent 954')
INSERT [dbo].[Contragent] ([ContragentId], [ContragentName]) VALUES (955, N'Contragent 955')
INSERT [dbo].[Contragent] ([ContragentId], [ContragentName]) VALUES (956, N'Contragent 956')
INSERT [dbo].[Contragent] ([ContragentId], [ContragentName]) VALUES (957, N'Contragent 957')
INSERT [dbo].[Contragent] ([ContragentId], [ContragentName]) VALUES (958, N'Contragent 958')
INSERT [dbo].[Contragent] ([ContragentId], [ContragentName]) VALUES (959, N'Contragent 959')
INSERT [dbo].[Contragent] ([ContragentId], [ContragentName]) VALUES (960, N'Contragent 960')
INSERT [dbo].[Contragent] ([ContragentId], [ContragentName]) VALUES (961, N'Contragent 961')
INSERT [dbo].[Contragent] ([ContragentId], [ContragentName]) VALUES (962, N'Contragent 962')
INSERT [dbo].[Contragent] ([ContragentId], [ContragentName]) VALUES (963, N'Contragent 963')
INSERT [dbo].[Contragent] ([ContragentId], [ContragentName]) VALUES (964, N'Contragent 964')
INSERT [dbo].[Contragent] ([ContragentId], [ContragentName]) VALUES (965, N'Contragent 965')
INSERT [dbo].[Contragent] ([ContragentId], [ContragentName]) VALUES (966, N'Contragent 966')
INSERT [dbo].[Contragent] ([ContragentId], [ContragentName]) VALUES (967, N'Contragent 967')
INSERT [dbo].[Contragent] ([ContragentId], [ContragentName]) VALUES (968, N'Contragent 968')
INSERT [dbo].[Contragent] ([ContragentId], [ContragentName]) VALUES (969, N'Contragent 969')
INSERT [dbo].[Contragent] ([ContragentId], [ContragentName]) VALUES (970, N'Contragent 970')
INSERT [dbo].[Contragent] ([ContragentId], [ContragentName]) VALUES (971, N'Contragent 971')
INSERT [dbo].[Contragent] ([ContragentId], [ContragentName]) VALUES (972, N'Contragent 972')
INSERT [dbo].[Contragent] ([ContragentId], [ContragentName]) VALUES (973, N'Contragent 973')
INSERT [dbo].[Contragent] ([ContragentId], [ContragentName]) VALUES (974, N'Contragent 974')
INSERT [dbo].[Contragent] ([ContragentId], [ContragentName]) VALUES (975, N'Contragent 975')
INSERT [dbo].[Contragent] ([ContragentId], [ContragentName]) VALUES (976, N'Contragent 976')
INSERT [dbo].[Contragent] ([ContragentId], [ContragentName]) VALUES (977, N'Contragent 977')
INSERT [dbo].[Contragent] ([ContragentId], [ContragentName]) VALUES (978, N'Contragent 978')
INSERT [dbo].[Contragent] ([ContragentId], [ContragentName]) VALUES (979, N'Contragent 979')
INSERT [dbo].[Contragent] ([ContragentId], [ContragentName]) VALUES (980, N'Contragent 980')
INSERT [dbo].[Contragent] ([ContragentId], [ContragentName]) VALUES (981, N'Contragent 981')
INSERT [dbo].[Contragent] ([ContragentId], [ContragentName]) VALUES (982, N'Contragent 982')
INSERT [dbo].[Contragent] ([ContragentId], [ContragentName]) VALUES (983, N'Contragent 983')
INSERT [dbo].[Contragent] ([ContragentId], [ContragentName]) VALUES (984, N'Contragent 984')
INSERT [dbo].[Contragent] ([ContragentId], [ContragentName]) VALUES (985, N'Contragent 985')
INSERT [dbo].[Contragent] ([ContragentId], [ContragentName]) VALUES (986, N'Contragent 986')
INSERT [dbo].[Contragent] ([ContragentId], [ContragentName]) VALUES (987, N'Contragent 987')
INSERT [dbo].[Contragent] ([ContragentId], [ContragentName]) VALUES (988, N'Contragent 988')
INSERT [dbo].[Contragent] ([ContragentId], [ContragentName]) VALUES (989, N'Contragent 989')
INSERT [dbo].[Contragent] ([ContragentId], [ContragentName]) VALUES (990, N'Contragent 990')
INSERT [dbo].[Contragent] ([ContragentId], [ContragentName]) VALUES (991, N'Contragent 991')
INSERT [dbo].[Contragent] ([ContragentId], [ContragentName]) VALUES (992, N'Contragent 992')
INSERT [dbo].[Contragent] ([ContragentId], [ContragentName]) VALUES (993, N'Contragent 993')
INSERT [dbo].[Contragent] ([ContragentId], [ContragentName]) VALUES (994, N'Contragent 994')
INSERT [dbo].[Contragent] ([ContragentId], [ContragentName]) VALUES (995, N'Contragent 995')
INSERT [dbo].[Contragent] ([ContragentId], [ContragentName]) VALUES (996, N'Contragent 996')
INSERT [dbo].[Contragent] ([ContragentId], [ContragentName]) VALUES (997, N'Contragent 997')
INSERT [dbo].[Contragent] ([ContragentId], [ContragentName]) VALUES (998, N'Contragent 998')
INSERT [dbo].[Contragent] ([ContragentId], [ContragentName]) VALUES (999, N'Contragent 999')
GO
SET IDENTITY_INSERT [dbo].[Employee] ON 

INSERT [dbo].[Employee] ([EmployeeId], [FirstName], [LastName], [Birthday], [Inn]) VALUES (1, N'Igor', N'Krivonos', CAST(N'1972-08-16' AS Date), N'112233445566')
INSERT [dbo].[Employee] ([EmployeeId], [FirstName], [LastName], [Birthday], [Inn]) VALUES (2, N'Ivan', N'Darda', CAST(N'1980-04-22' AS Date), N'222233445566')
INSERT [dbo].[Employee] ([EmployeeId], [FirstName], [LastName], [Birthday], [Inn]) VALUES (3, N'Petr', N'Sivoy', CAST(N'1989-03-17' AS Date), N'332233445566')
INSERT [dbo].[Employee] ([EmployeeId], [FirstName], [LastName], [Birthday], [Inn]) VALUES (4, N'DashaTest', N'SnejkoTest', CAST(N'1995-12-10' AS Date), N'442233445566')
INSERT [dbo].[Employee] ([EmployeeId], [FirstName], [LastName], [Birthday], [Inn]) VALUES (5, N'Mahmud', N'Ivanov', CAST(N'1995-12-13' AS Date), N'            ')
SET IDENTITY_INSERT [dbo].[Employee] OFF
INSERT [dbo].[EmployeeIsx] ([id], [FirstName], [LastName], [Birthday], [Inn], [HireDate], [Salary], [NameJobTitle], [Reservist], [MilitaryNumber], [MilitarySpeciality]) VALUES (1, N'Igor', N'Krivonos', CAST(N'1972-08-16' AS Date), N'112233445566', CAST(N'2000-07-01' AS Date), 2000.0000, N'engineer', 1, N'VC-212121', N'Saper')
INSERT [dbo].[EmployeeIsx] ([id], [FirstName], [LastName], [Birthday], [Inn], [HireDate], [Salary], [NameJobTitle], [Reservist], [MilitaryNumber], [MilitarySpeciality]) VALUES (1, N'Igor', N'Krivonos', CAST(N'1972-08-16' AS Date), N'112233445566', CAST(N'2007-12-16' AS Date), 3000.0000, N'programmer', 1, N'VC-212121', N'Saper')
INSERT [dbo].[EmployeeIsx] ([id], [FirstName], [LastName], [Birthday], [Inn], [HireDate], [Salary], [NameJobTitle], [Reservist], [MilitaryNumber], [MilitarySpeciality]) VALUES (1, N'Igor', N'Krivonos', CAST(N'1972-08-16' AS Date), N'112233445566', CAST(N'2009-10-21' AS Date), 7000.0000, N'senior programmer', 1, N'VC-212121', N'Saper')
INSERT [dbo].[EmployeeIsx] ([id], [FirstName], [LastName], [Birthday], [Inn], [HireDate], [Salary], [NameJobTitle], [Reservist], [MilitaryNumber], [MilitarySpeciality]) VALUES (1, N'Igor', N'Krivonos', CAST(N'1972-08-16' AS Date), N'112233445566', CAST(N'2013-09-12' AS Date), 6500.0000, N'director', 1, N'VC-212121', N'Saper')
INSERT [dbo].[EmployeeIsx] ([id], [FirstName], [LastName], [Birthday], [Inn], [HireDate], [Salary], [NameJobTitle], [Reservist], [MilitaryNumber], [MilitarySpeciality]) VALUES (2, N'Ivan', N'Darda', CAST(N'1980-04-22' AS Date), N'222233445566', CAST(N'2012-10-21' AS Date), 7500.0000, N'senior programmer', 0, NULL, NULL)
INSERT [dbo].[EmployeeIsx] ([id], [FirstName], [LastName], [Birthday], [Inn], [HireDate], [Salary], [NameJobTitle], [Reservist], [MilitaryNumber], [MilitarySpeciality]) VALUES (3, N'Petr', N'Sivoy', CAST(N'1989-03-17' AS Date), N'332233445566', CAST(N'2010-10-21' AS Date), 3500.0000, N'programmer', 1, N'UK-321567', N'Operator')
INSERT [dbo].[EmployeeIsx] ([id], [FirstName], [LastName], [Birthday], [Inn], [HireDate], [Salary], [NameJobTitle], [Reservist], [MilitaryNumber], [MilitarySpeciality]) VALUES (3, N'Petr', N'Sivoy', CAST(N'1989-03-17' AS Date), N'332233445566', CAST(N'2012-10-21' AS Date), 5500.0000, N'middle programmer', 1, N'UK-321567', N'Operator')
INSERT [dbo].[EmployeeIsx] ([id], [FirstName], [LastName], [Birthday], [Inn], [HireDate], [Salary], [NameJobTitle], [Reservist], [MilitaryNumber], [MilitarySpeciality]) VALUES (4, N'Dasha', N'Snejko', CAST(N'1995-12-10' AS Date), N'442233445566', CAST(N'2012-10-21' AS Date), 3200.0000, N'engineer', 0, NULL, NULL)
INSERT [dbo].[EmployeeIsx] ([id], [FirstName], [LastName], [Birthday], [Inn], [HireDate], [Salary], [NameJobTitle], [Reservist], [MilitaryNumber], [MilitarySpeciality]) VALUES (4, N'Dasha', N'Snejko', CAST(N'1995-12-10' AS Date), N'442233445566', CAST(N'2013-10-01' AS Date), 4500.0000, N'senior engineer', 0, NULL, NULL)
INSERT [dbo].[EmployeeMilitary] ([EmployeeId], [MilitaryNumber], [MilitarySpecial]) VALUES (1, N'VC-212121', N'Saper')
INSERT [dbo].[EmployeeMilitary] ([EmployeeId], [MilitaryNumber], [MilitarySpecial]) VALUES (3, N'UK-321567', N'Operator')
SET IDENTITY_INSERT [dbo].[JobTitle] ON 

INSERT [dbo].[JobTitle] ([JobTitleId], [NameJobTitle]) VALUES (1, N'director')
INSERT [dbo].[JobTitle] ([JobTitleId], [NameJobTitle]) VALUES (2, N'engineer')
INSERT [dbo].[JobTitle] ([JobTitleId], [NameJobTitle]) VALUES (3, N'middle programmer')
INSERT [dbo].[JobTitle] ([JobTitleId], [NameJobTitle]) VALUES (4, N'programmer')
INSERT [dbo].[JobTitle] ([JobTitleId], [NameJobTitle]) VALUES (5, N'senior engineer')
INSERT [dbo].[JobTitle] ([JobTitleId], [NameJobTitle]) VALUES (6, N'senior programmer')
SET IDENTITY_INSERT [dbo].[JobTitle] OFF
SET IDENTITY_INSERT [dbo].[Promotion] ON 

INSERT [dbo].[Promotion] ([PromotionId], [EmployeeId], [HireDate], [Salary], [JobTitleId]) VALUES (1, 1, '2013-09-12 00:00:00.000', 6500.0000, 1)
INSERT [dbo].[Promotion] ([PromotionId], [EmployeeId], [HireDate], [Salary], [JobTitleId]) VALUES (2, 1, '2000-07-01 00:00:00.000', 2000.0000, 2)
INSERT [dbo].[Promotion] ([PromotionId], [EmployeeId], [HireDate], [Salary], [JobTitleId]) VALUES (3, 4, '2012-10-21 00:00:00.000', 3200.0000, 2)
INSERT [dbo].[Promotion] ([PromotionId], [EmployeeId], [HireDate], [Salary], [JobTitleId]) VALUES (4, 3, '2012-10-21 00:00:00.000', 5500.0000, 3)
INSERT [dbo].[Promotion] ([PromotionId], [EmployeeId], [HireDate], [Salary], [JobTitleId]) VALUES (5, 1, '2007-12-16 00:00:00.000', 3000.0000, 4)
INSERT [dbo].[Promotion] ([PromotionId], [EmployeeId], [HireDate], [Salary], [JobTitleId]) VALUES (6, 3, '2010-10-21 00:00:00.000', 3500.0000, 4)
INSERT [dbo].[Promotion] ([PromotionId], [EmployeeId], [HireDate], [Salary], [JobTitleId]) VALUES (7, 4, '2013-10-01 00:00:00.000', 4500.0000, 5)
INSERT [dbo].[Promotion] ([PromotionId], [EmployeeId], [HireDate], [Salary], [JobTitleId]) VALUES (8, 1, '2009-10-21 00:00:00.000', 7000.0000, 6)
INSERT [dbo].[Promotion] ([PromotionId], [EmployeeId], [HireDate], [Salary], [JobTitleId]) VALUES (9, 2, '2012-10-21 00:00:00.000', 7500.0000, 6)
SET IDENTITY_INSERT [dbo].[Promotion] OFF
ALTER TABLE [dbo].[EmployeeMilitary]  WITH CHECK ADD FOREIGN KEY([EmployeeId])
REFERENCES [dbo].[Employee] ([EmployeeId])
GO
ALTER TABLE [dbo].[Promotion]  WITH CHECK ADD FOREIGN KEY([EmployeeId])
REFERENCES [dbo].[Employee] ([EmployeeId])
GO
ALTER TABLE [dbo].[Promotion]  WITH CHECK ADD FOREIGN KEY([JobTitleId])
REFERENCES [dbo].[JobTitle] ([JobTitleId])
GO
ALTER TABLE [dbo].[Promotion]  WITH CHECK ADD CHECK  (([Salary]>=(0) AND [Salary]<(100000)))
GO
